index,notification_date,lga_name19,Size
0,2021-05-01,LIVERPOOL,1
1,2021-05-01,PORT STEPHENS,1
2,2021-05-02,BAYSIDE,1
3,2021-05-02,CUMBERLAND,1
4,2021-05-02,PARRAMATTA,2
5,2021-05-02,PORT STEPHENS,1
6,2021-05-03,BLACKTOWN,2
7,2021-05-03,CAMPBELLTOWN,1
8,2021-05-03,CANTERBURY-BANKSTOWN,1
9,2021-05-03,FAIRFIELD,1
10,2021-05-03,LIVERPOOL,1
11,2021-05-03,THE HILLS SHIRE,1
12,2021-05-04,BLACKTOWN,1
13,2021-05-04,CUMBERLAND,2
14,2021-05-04,DUBBO REGIONAL,1
15,2021-05-05,CANTERBURY-BANKSTOWN,1
16,2021-05-05,CUMBERLAND,3
17,2021-05-05,PARRAMATTA,2
18,2021-05-05,WOOLLAHRA,2
19,2021-05-06,NORTH SYDNEY,1
20,2021-05-06,PARRAMATTA,1
21,2021-05-07,CANTERBURY-BANKSTOWN,1
22,2021-05-07,LITHGOW,1
23,2021-05-07,PARRAMATTA,1
24,2021-05-07,RYDE,1
25,2021-05-08,BAYSIDE,1
26,2021-05-08,NORTH SYDNEY,1
27,2021-05-08,THE HILLS SHIRE,2
28,2021-05-09,CANTERBURY-BANKSTOWN,2
29,2021-05-09,CESSNOCK,1
30,2021-05-09,STRATHFIELD,1
31,2021-05-09,WOLLONGONG,1
32,2021-05-10,CAMPBELLTOWN,1
33,2021-05-10,PENRITH,1
34,2021-05-11,SUTHERLAND SHIRE,1
35,2021-05-12,CUMBERLAND,2
36,2021-05-12,KU-RING-GAI,3
37,2021-05-13,CANTERBURY-BANKSTOWN,2
38,2021-05-14,SYDNEY,1
39,2021-05-15,CANTERBURY-BANKSTOWN,2
40,2021-05-16,CUMBERLAND,1
41,2021-05-16,THE HILLS SHIRE,1
42,2021-05-17,BLACKTOWN,1
43,2021-05-17,CUMBERLAND,1
44,2021-05-17,LIVERPOOL,1
45,2021-05-18,BLACKTOWN,1
46,2021-05-19,CUMBERLAND,1
47,2021-05-21,CANTERBURY-BANKSTOWN,1
48,2021-05-21,CUMBERLAND,1
49,2021-05-21,WAGGA WAGGA,1
50,2021-05-23,WOLLONGONG,1
51,2021-05-25,SYDNEY,1
52,2021-05-27,CUMBERLAND,2
53,2021-05-27,LIVERPOOL,1
54,2021-05-28,THE HILLS SHIRE,1
55,2021-05-29,THE HILLS SHIRE,1
56,2021-06-02,KU-RING-GAI,2
57,2021-06-04,RYDE,1
58,2021-06-04,THE HILLS SHIRE,1
59,2021-06-05,KU-RING-GAI,1
60,2021-06-06,BLACKTOWN,1
61,2021-06-06,CANTERBURY-BANKSTOWN,1
62,2021-06-06,FAIRFIELD,1
63,2021-06-06,THE HILLS SHIRE,1
64,2021-06-07,CANTERBURY-BANKSTOWN,1
65,2021-06-07,CUMBERLAND,2
66,2021-06-07,LIVERPOOL,1
67,2021-06-07,PARRAMATTA,1
68,2021-06-07,THE HILLS SHIRE,1
69,2021-06-08,CANTERBURY-BANKSTOWN,1
70,2021-06-09,CANTERBURY-BANKSTOWN,1
71,2021-06-09,RYDE,1
72,2021-06-10,CUMBERLAND,1
73,2021-06-13,CANTERBURY-BANKSTOWN,1
74,2021-06-13,RYDE,1
75,2021-06-14,QUEANBEYAN-PALERANG REGIONAL,2
76,2021-06-14,THE HILLS SHIRE,1
77,2021-06-15,BAYSIDE,1
78,2021-06-16,SYDNEY,1
79,2021-06-16,WAVERLEY,2
80,2021-06-17,WAVERLEY,1
81,2021-06-18,CUMBERLAND,3
82,2021-06-18,WOLLONGONG,1
83,2021-06-18,WOOLLAHRA,1
84,2021-06-19,CANADA BAY,1
85,2021-06-19,CUMBERLAND,1
86,2021-06-19,RANDWICK,1
87,2021-06-19,WOLLONGONG,1
88,2021-06-20,BAYSIDE,1
89,2021-06-20,SUTHERLAND SHIRE,1
90,2021-06-21,BAYSIDE,1
91,2021-06-21,KU-RING-GAI,1
92,2021-06-21,RYDE,1
93,2021-06-21,WOLLONGONG,1
94,2021-06-21,WOOLLAHRA,1
95,2021-06-22,BAYSIDE,1
96,2021-06-22,CAMDEN,3
97,2021-06-22,LIVERPOOL,1
98,2021-06-22,SYDNEY,3
99,2021-06-22,WAVERLEY,7
100,2021-06-22,WOLLONGONG,2
101,2021-06-23,CAMDEN,1
102,2021-06-23,CAMPBELLTOWN,1
103,2021-06-23,LIVERPOOL,2
104,2021-06-23,RANDWICK,1
105,2021-06-23,SUTHERLAND SHIRE,1
106,2021-06-23,SYDNEY,2
107,2021-06-23,THE HILLS SHIRE,1
108,2021-06-23,WAVERLEY,2
109,2021-06-23,WOOLLAHRA,1
110,2021-06-24,CAMDEN,1
111,2021-06-24,CUMBERLAND,2
112,2021-06-24,LIVERPOOL,6
113,2021-06-24,RANDWICK,3
114,2021-06-24,SUTHERLAND SHIRE,1
115,2021-06-24,SYDNEY,2
116,2021-06-24,WAVERLEY,5
117,2021-06-24,WOOLLAHRA,2
118,2021-06-25,BAYSIDE,1
119,2021-06-25,CAMDEN,1
120,2021-06-25,CAMPBELLTOWN,1
121,2021-06-25,CANADA BAY,1
122,2021-06-25,CANTERBURY-BANKSTOWN,2
123,2021-06-25,GEORGES RIVER,1
124,2021-06-25,LIVERPOOL,5
125,2021-06-25,RANDWICK,6
126,2021-06-25,SYDNEY,3
127,2021-06-25,THE HILLS SHIRE,1
128,2021-06-25,WAVERLEY,3
129,2021-06-25,WOOLLAHRA,3
130,2021-06-26,BAYSIDE,3
131,2021-06-26,CANADA BAY,1
132,2021-06-26,CANTERBURY-BANKSTOWN,3
133,2021-06-26,FAIRFIELD,2
134,2021-06-26,GEORGES RIVER,1
135,2021-06-26,GLEN INNES SEVERN,1
136,2021-06-26,LIVERPOOL,1
137,2021-06-26,RANDWICK,1
138,2021-06-26,SYDNEY,3
139,2021-06-26,WAVERLEY,7
140,2021-06-26,WOOLLAHRA,2
141,2021-06-27,BAYSIDE,1
142,2021-06-27,BLACKTOWN,1
143,2021-06-27,CAMPBELLTOWN,1
144,2021-06-27,CANADA BAY,1
145,2021-06-27,CANTERBURY-BANKSTOWN,6
146,2021-06-27,FAIRFIELD,1
147,2021-06-27,LIVERPOOL,1
148,2021-06-27,NORTH SYDNEY,1
149,2021-06-27,RANDWICK,3
150,2021-06-27,SYDNEY,2
151,2021-06-27,WAVERLEY,5
152,2021-06-28,CAMPBELLTOWN,1
153,2021-06-28,CANADA BAY,1
154,2021-06-28,CANTERBURY-BANKSTOWN,2
155,2021-06-28,GEORGES RIVER,1
156,2021-06-28,LIVERPOOL,2
157,2021-06-28,RANDWICK,2
158,2021-06-28,STRATHFIELD,1
159,2021-06-28,WAVERLEY,4
160,2021-06-28,WOOLLAHRA,1
161,2021-06-29,BAYSIDE,1
162,2021-06-29,BLACKTOWN,1
163,2021-06-29,CAMPBELLTOWN,1
164,2021-06-29,CANTERBURY-BANKSTOWN,1
165,2021-06-29,CUMBERLAND,2
166,2021-06-29,LIVERPOOL,5
167,2021-06-29,PARRAMATTA,1
168,2021-06-29,RANDWICK,5
169,2021-06-29,STRATHFIELD,3
170,2021-06-29,THE HILLS SHIRE,1
171,2021-06-29,WAVERLEY,5
172,2021-06-29,WOOLLAHRA,1
173,2021-06-30,BAYSIDE,2
174,2021-06-30,BLACKTOWN,1
175,2021-06-30,CANTERBURY-BANKSTOWN,4
176,2021-06-30,CUMBERLAND,1
177,2021-06-30,FAIRFIELD,1
178,2021-06-30,GEORGES RIVER,1
179,2021-06-30,LIVERPOOL,1
180,2021-06-30,PARRAMATTA,2
181,2021-06-30,RANDWICK,4
182,2021-06-30,SYDNEY,2
183,2021-06-30,THE HILLS SHIRE,1
184,2021-06-30,WAVERLEY,5
185,2021-06-30,WILLOUGHBY,1
186,2021-06-30,WOLLONGONG,1
187,2021-06-30,WOOLLAHRA,3
188,2021-07-01,BALLINA,1
189,2021-07-01,BURWOOD,2
190,2021-07-01,CANTERBURY-BANKSTOWN,3
191,2021-07-01,CUMBERLAND,1
192,2021-07-01,FAIRFIELD,3
193,2021-07-01,GEORGES RIVER,6
194,2021-07-01,INVERELL,1
195,2021-07-01,PARRAMATTA,3
196,2021-07-01,RANDWICK,1
197,2021-07-01,STRATHFIELD,3
198,2021-07-01,SYDNEY,1
199,2021-07-01,WAVERLEY,3
200,2021-07-01,WILLOUGHBY,1
201,2021-07-01,WOOLLAHRA,1
202,2021-07-02,BAYSIDE,2
203,2021-07-02,BLACKTOWN,1
204,2021-07-02,CAMPBELLTOWN,1
205,2021-07-02,CANTERBURY-BANKSTOWN,4
206,2021-07-02,CENTRAL COAST,2
207,2021-07-02,CUMBERLAND,2
208,2021-07-02,FAIRFIELD,4
209,2021-07-02,GEORGES RIVER,2
210,2021-07-02,HUNTERS HILL,1
211,2021-07-02,INNER WEST,1
212,2021-07-02,LIVERPOOL,1
213,2021-07-02,NORTH SYDNEY,2
214,2021-07-02,RANDWICK,5
215,2021-07-02,STRATHFIELD,2
216,2021-07-02,SYDNEY,4
217,2021-07-02,WAVERLEY,1
218,2021-07-02,WOOLLAHRA,2
219,2021-07-03,CAMPBELLTOWN,4
220,2021-07-03,CANTERBURY-BANKSTOWN,1
221,2021-07-03,CUMBERLAND,1
222,2021-07-03,FAIRFIELD,3
223,2021-07-03,GEORGES RIVER,3
224,2021-07-03,STRATHFIELD,1
225,2021-07-03,THE HILLS SHIRE,5
226,2021-07-03,WAVERLEY,4
227,2021-07-04,BAYSIDE,1
228,2021-07-04,CAMDEN,1
229,2021-07-04,CANADA BAY,2
230,2021-07-04,CANTERBURY-BANKSTOWN,1
231,2021-07-04,CUMBERLAND,2
232,2021-07-04,FAIRFIELD,1
233,2021-07-04,GEORGES RIVER,2
234,2021-07-04,HORNSBY,3
235,2021-07-04,RANDWICK,7
236,2021-07-04,STRATHFIELD,1
237,2021-07-04,SYDNEY,1
238,2021-07-04,THE HILLS SHIRE,3
239,2021-07-04,WAVERLEY,5
240,2021-07-04,WILLOUGHBY,1
241,2021-07-05,BAYSIDE,1
242,2021-07-05,CANTERBURY-BANKSTOWN,3
243,2021-07-05,FAIRFIELD,2
244,2021-07-05,GEORGES RIVER,1
245,2021-07-05,LIVERPOOL,2
246,2021-07-05,PARRAMATTA,2
247,2021-07-05,RANDWICK,2
248,2021-07-05,WAVERLEY,2
249,2021-07-05,WOOLLAHRA,1
250,2021-07-06,BLACKTOWN,1
251,2021-07-06,BURWOOD,2
252,2021-07-06,CAMPBELLTOWN,1
253,2021-07-06,CANTERBURY-BANKSTOWN,5
254,2021-07-06,CUMBERLAND,2
255,2021-07-06,FAIRFIELD,11
256,2021-07-06,GEORGES RIVER,1
257,2021-07-06,LIVERPOOL,4
258,2021-07-06,RANDWICK,4
259,2021-07-06,SNOWY MONARO REGIONAL,1
260,2021-07-06,SUTHERLAND SHIRE,1
261,2021-07-06,THE HILLS SHIRE,1
262,2021-07-07,BLACKTOWN,1
263,2021-07-07,BURWOOD,2
264,2021-07-07,CAMPBELLTOWN,1
265,2021-07-07,CANTERBURY-BANKSTOWN,8
266,2021-07-07,CUMBERLAND,2
267,2021-07-07,FAIRFIELD,10
268,2021-07-07,GEORGES RIVER,5
269,2021-07-07,LIVERPOOL,1
270,2021-07-07,PARRAMATTA,1
271,2021-07-07,RANDWICK,2
272,2021-07-07,SUTHERLAND SHIRE,1
273,2021-07-07,WAVERLEY,3
274,2021-07-08,BAYSIDE,4
275,2021-07-08,BLACKTOWN,1
276,2021-07-08,CANTERBURY-BANKSTOWN,13
277,2021-07-08,CUMBERLAND,1
278,2021-07-08,FAIRFIELD,9
279,2021-07-08,GEORGES RIVER,1
280,2021-07-08,LIVERPOOL,4
281,2021-07-08,PARRAMATTA,4
282,2021-07-08,PENRITH,4
283,2021-07-08,RANDWICK,3
284,2021-07-08,WAVERLEY,1
285,2021-07-09,BAYSIDE,4
286,2021-07-09,BLACKTOWN,1
287,2021-07-09,CANTERBURY-BANKSTOWN,10
288,2021-07-09,CUMBERLAND,2
289,2021-07-09,FAIRFIELD,19
290,2021-07-09,GEORGES RIVER,2
291,2021-07-09,INNER WEST,1
292,2021-07-09,LIVERPOOL,2
293,2021-07-09,RANDWICK,2
294,2021-07-09,SUTHERLAND SHIRE,4
295,2021-07-09,WAVERLEY,2
296,2021-07-09,WOOLLAHRA,1
297,2021-07-10,BAYSIDE,1
298,2021-07-10,BLACKTOWN,1
299,2021-07-10,CAMPBELLTOWN,2
300,2021-07-10,CANTERBURY-BANKSTOWN,12
301,2021-07-10,CENTRAL COAST,1
302,2021-07-10,CUMBERLAND,5
303,2021-07-10,FAIRFIELD,59
304,2021-07-10,GEORGES RIVER,3
305,2021-07-10,HAWKESBURY,3
306,2021-07-10,INNER WEST,1
307,2021-07-10,LIVERPOOL,3
308,2021-07-10,RANDWICK,3
309,2021-07-10,SUTHERLAND SHIRE,2
310,2021-07-10,SYDNEY,7
311,2021-07-10,WAVERLEY,2
312,2021-07-11,BLACKTOWN,2
313,2021-07-11,BURWOOD,1
314,2021-07-11,CANTERBURY-BANKSTOWN,10
315,2021-07-11,CUMBERLAND,2
316,2021-07-11,FAIRFIELD,74
317,2021-07-11,GEORGES RIVER,2
318,2021-07-11,LIVERPOOL,8
319,2021-07-11,MID-COAST,3
320,2021-07-11,NORTHERN BEACHES,1
321,2021-07-11,PARRAMATTA,3
322,2021-07-11,PENRITH,2
323,2021-07-11,RYDE,1
324,2021-07-11,SYDNEY,1
325,2021-07-11,WAVERLEY,8
326,2021-07-11,WOOLLAHRA,3
327,2021-07-12,BAYSIDE,6
328,2021-07-12,BLACKTOWN,1
329,2021-07-12,CANTERBURY-BANKSTOWN,8
330,2021-07-12,FAIRFIELD,38
331,2021-07-12,GEORGES RIVER,2
332,2021-07-12,HAWKESBURY,1
333,2021-07-12,INNER WEST,1
334,2021-07-12,LIVERPOOL,1
335,2021-07-12,NORTHERN BEACHES,1
336,2021-07-12,PARRAMATTA,1
337,2021-07-12,PENRITH,1
338,2021-07-12,SUTHERLAND SHIRE,4
339,2021-07-12,SYDNEY,3
340,2021-07-12,WAVERLEY,5
341,2021-07-13,BAYSIDE,3
342,2021-07-13,BLACKTOWN,1
343,2021-07-13,CANADA BAY,1
344,2021-07-13,CANTERBURY-BANKSTOWN,14
345,2021-07-13,CUMBERLAND,3
346,2021-07-13,FAIRFIELD,48
347,2021-07-13,GEORGES RIVER,4
348,2021-07-13,LIVERPOOL,7
349,2021-07-13,NORTHERN BEACHES,1
350,2021-07-13,PENRITH,1
351,2021-07-13,RANDWICK,1
352,2021-07-13,SUTHERLAND SHIRE,3
353,2021-07-13,SYDNEY,1
354,2021-07-13,WAVERLEY,1
355,2021-07-13,WOLLONDILLY,1
356,2021-07-14,BAYSIDE,3
357,2021-07-14,BLACKTOWN,3
358,2021-07-14,CANTERBURY-BANKSTOWN,5
359,2021-07-14,CUMBERLAND,1
360,2021-07-14,FAIRFIELD,41
361,2021-07-14,GEORGES RIVER,5
362,2021-07-14,LIVERPOOL,7
363,2021-07-14,PENRITH,2
364,2021-07-14,STRATHFIELD,1
365,2021-07-14,SUTHERLAND SHIRE,3
366,2021-07-14,SYDNEY,1
367,2021-07-14,THE HILLS SHIRE,2
368,2021-07-14,WAVERLEY,1
369,2021-07-15,BAYSIDE,1
370,2021-07-15,BLACKTOWN,5
371,2021-07-15,CAMDEN,1
372,2021-07-15,CAMPBELLTOWN,1
373,2021-07-15,CANTERBURY-BANKSTOWN,7
374,2021-07-15,CUMBERLAND,8
375,2021-07-15,FAIRFIELD,55
376,2021-07-15,GEORGES RIVER,2
377,2021-07-15,INNER WEST,2
378,2021-07-15,LIVERPOOL,9
379,2021-07-15,NORTHERN BEACHES,1
380,2021-07-15,PARRAMATTA,2
381,2021-07-15,PENRITH,1
382,2021-07-15,RANDWICK,5
383,2021-07-15,WAVERLEY,1
384,2021-07-15,WOOLLAHRA,1
385,2021-07-16,BAYSIDE,1
386,2021-07-16,BLACKTOWN,4
387,2021-07-16,BLUE MOUNTAINS,1
388,2021-07-16,CAMPBELLTOWN,1
389,2021-07-16,CANTERBURY-BANKSTOWN,14
390,2021-07-16,CUMBERLAND,7
391,2021-07-16,FAIRFIELD,59
392,2021-07-16,GEORGES RIVER,1
393,2021-07-16,INNER WEST,1
394,2021-07-16,LIVERPOOL,13
395,2021-07-16,PARRAMATTA,1
396,2021-07-16,RANDWICK,1
397,2021-07-16,SUTHERLAND SHIRE,1
398,2021-07-16,SYDNEY,2
399,2021-07-16,WAVERLEY,3
400,2021-07-17,BAYSIDE,1
401,2021-07-17,BLACKTOWN,3
402,2021-07-17,BLUE MOUNTAINS,1
403,2021-07-17,CANTERBURY-BANKSTOWN,9
404,2021-07-17,CUMBERLAND,6
405,2021-07-17,FAIRFIELD,63
406,2021-07-17,GEORGES RIVER,3
407,2021-07-17,GUNNEDAH,1
408,2021-07-17,HAWKESBURY,2
409,2021-07-17,HORNSBY,1
410,2021-07-17,LIVERPOOL,2
411,2021-07-17,NORTH SYDNEY,1
412,2021-07-17,RANDWICK,2
413,2021-07-17,WAVERLEY,2
414,2021-07-17,WINGECARRIBEE,1
415,2021-07-18,BAYSIDE,1
416,2021-07-18,BLACKTOWN,2
417,2021-07-18,CANTERBURY-BANKSTOWN,12
418,2021-07-18,CUMBERLAND,11
419,2021-07-18,FAIRFIELD,49
420,2021-07-18,GEORGES RIVER,3
421,2021-07-18,INNER WEST,1
422,2021-07-18,LANE COVE,1
423,2021-07-18,LIVERPOOL,20
424,2021-07-18,NORTHERN BEACHES,1
425,2021-07-18,PARRAMATTA,1
426,2021-07-18,RANDWICK,1
427,2021-07-18,SUTHERLAND SHIRE,3
428,2021-07-18,WINGECARRIBEE,1
429,2021-07-18,WOLLONGONG,3
430,2021-07-19,BAYSIDE,3
431,2021-07-19,BLACKTOWN,5
432,2021-07-19,CAMPBELLTOWN,1
433,2021-07-19,CANTERBURY-BANKSTOWN,11
434,2021-07-19,CUMBERLAND,5
435,2021-07-19,FAIRFIELD,27
436,2021-07-19,GEORGES RIVER,3
437,2021-07-19,LIVERPOOL,4
438,2021-07-19,PARRAMATTA,3
439,2021-07-19,SYDNEY,1
440,2021-07-19,WAVERLEY,1
441,2021-07-19,WOLLONGONG,1
442,2021-07-20,BAYSIDE,3
443,2021-07-20,BLACKTOWN,5
444,2021-07-20,CABONNE,1
445,2021-07-20,CAMDEN,1
446,2021-07-20,CANTERBURY-BANKSTOWN,18
447,2021-07-20,CUMBERLAND,22
448,2021-07-20,FAIRFIELD,33
449,2021-07-20,GEORGES RIVER,3
450,2021-07-20,LIVERPOOL,5
451,2021-07-20,NORTHERN BEACHES,2
452,2021-07-20,PARRAMATTA,6
453,2021-07-20,PENRITH,1
454,2021-07-20,RANDWICK,3
455,2021-07-20,RYDE,1
456,2021-07-20,SUTHERLAND SHIRE,1
457,2021-07-20,WAVERLEY,1
458,2021-07-21,BAYSIDE,3
459,2021-07-21,BLACKTOWN,12
460,2021-07-21,BURWOOD,4
461,2021-07-21,CAMPBELLTOWN,1
462,2021-07-21,CANTERBURY-BANKSTOWN,31
463,2021-07-21,CUMBERLAND,21
464,2021-07-21,FAIRFIELD,40
465,2021-07-21,GEORGES RIVER,7
466,2021-07-21,INNER WEST,2
467,2021-07-21,LIVERPOOL,12
468,2021-07-21,NORTHERN BEACHES,2
469,2021-07-21,PARRAMATTA,4
470,2021-07-21,PENRITH,1
471,2021-07-21,SYDNEY,2
472,2021-07-21,WOLLONGONG,1
473,2021-07-22,BAYSIDE,4
474,2021-07-22,BLACKTOWN,9
475,2021-07-22,CAMPBELLTOWN,5
476,2021-07-22,CANTERBURY-BANKSTOWN,29
477,2021-07-22,CUMBERLAND,16
478,2021-07-22,FAIRFIELD,29
479,2021-07-22,GEORGES RIVER,10
480,2021-07-22,INNER WEST,2
481,2021-07-22,LIVERPOOL,14
482,2021-07-22,NORTHERN BEACHES,1
483,2021-07-22,PARRAMATTA,10
484,2021-07-22,PENRITH,1
485,2021-07-22,RANDWICK,1
486,2021-07-22,STRATHFIELD,4
487,2021-07-22,SUTHERLAND SHIRE,1
488,2021-07-22,SYDNEY,3
489,2021-07-22,THE HILLS SHIRE,1
490,2021-07-22,WILLOUGHBY,1
491,2021-07-22,WOLLONGONG,1
492,2021-07-23,BAYSIDE,2
493,2021-07-23,BLACKTOWN,20
494,2021-07-23,BURWOOD,1
495,2021-07-23,CAMDEN,1
496,2021-07-23,CAMPBELLTOWN,2
497,2021-07-23,CANTERBURY-BANKSTOWN,30
498,2021-07-23,CENTRAL COAST,4
499,2021-07-23,CUMBERLAND,28
500,2021-07-23,FAIRFIELD,37
501,2021-07-23,GEORGES RIVER,6
502,2021-07-23,KU-RING-GAI,1
503,2021-07-23,LIVERPOOL,7
504,2021-07-23,PARRAMATTA,2
505,2021-07-23,RYDE,3
506,2021-07-23,SUTHERLAND SHIRE,3
507,2021-07-23,SYDNEY,1
508,2021-07-23,WAVERLEY,1
509,2021-07-23,WINGECARRIBEE,1
510,2021-07-24,BAYSIDE,1
511,2021-07-24,BLACKTOWN,13
512,2021-07-24,CAMPBELLTOWN,2
513,2021-07-24,CANTERBURY-BANKSTOWN,36
514,2021-07-24,CUMBERLAND,22
515,2021-07-24,FAIRFIELD,32
516,2021-07-24,GEORGES RIVER,3
517,2021-07-24,LANE COVE,1
518,2021-07-24,LIVERPOOL,13
519,2021-07-24,NORTHERN BEACHES,2
520,2021-07-24,PARRAMATTA,4
521,2021-07-24,PENRITH,1
522,2021-07-24,STRATHFIELD,2
523,2021-07-24,SUTHERLAND SHIRE,4
524,2021-07-24,SYDNEY,1
525,2021-07-24,WAVERLEY,3
526,2021-07-25,BAYSIDE,4
527,2021-07-25,BLACKTOWN,8
528,2021-07-25,BURWOOD,2
529,2021-07-25,CAMDEN,1
530,2021-07-25,CAMPBELLTOWN,6
531,2021-07-25,CANTERBURY-BANKSTOWN,49
532,2021-07-25,CENTRAL COAST,1
533,2021-07-25,CUMBERLAND,32
534,2021-07-25,FAIRFIELD,16
535,2021-07-25,GEORGES RIVER,6
536,2021-07-25,LIVERPOOL,11
537,2021-07-25,NORTHERN BEACHES,9
538,2021-07-25,PARRAMATTA,10
539,2021-07-25,RANDWICK,1
540,2021-07-25,RYDE,1
541,2021-07-25,STRATHFIELD,2
542,2021-07-25,SUTHERLAND SHIRE,2
543,2021-07-25,SYDNEY,1
544,2021-07-25,THE HILLS SHIRE,5
545,2021-07-25,WOLLONDILLY,1
546,2021-07-25,WOLLONGONG,2
547,2021-07-26,BAYSIDE,3
548,2021-07-26,BLACKTOWN,15
549,2021-07-26,CAMDEN,3
550,2021-07-26,CAMPBELLTOWN,12
551,2021-07-26,CANTERBURY-BANKSTOWN,29
552,2021-07-26,CUMBERLAND,15
553,2021-07-26,FAIRFIELD,27
554,2021-07-26,GEORGES RIVER,3
555,2021-07-26,GOULBURN MULWAREE,1
556,2021-07-26,HORNSBY,2
557,2021-07-26,INNER WEST,3
558,2021-07-26,LIVERPOOL,8
559,2021-07-26,NORTHERN BEACHES,2
560,2021-07-26,PARRAMATTA,9
561,2021-07-26,PENRITH,1
562,2021-07-26,RANDWICK,2
563,2021-07-26,RYDE,1
564,2021-07-26,STRATHFIELD,2
565,2021-07-26,SYDNEY,2
566,2021-07-26,THE HILLS SHIRE,1
567,2021-07-26,WILLOUGHBY,1
568,2021-07-27,BAYSIDE,6
569,2021-07-27,BLACKTOWN,24
570,2021-07-27,CAMDEN,3
571,2021-07-27,CAMPBELLTOWN,9
572,2021-07-27,CANADA BAY,1
573,2021-07-27,CANTERBURY-BANKSTOWN,32
574,2021-07-27,CUMBERLAND,7
575,2021-07-27,FAIRFIELD,34
576,2021-07-27,GEORGES RIVER,5
577,2021-07-27,INNER WEST,3
578,2021-07-27,LIVERPOOL,15
579,2021-07-27,NORTHERN BEACHES,1
580,2021-07-27,PARRAMATTA,2
581,2021-07-27,PENRITH,3
582,2021-07-27,RANDWICK,1
583,2021-07-27,STRATHFIELD,3
584,2021-07-27,SUTHERLAND SHIRE,1
585,2021-07-27,SYDNEY,4
586,2021-07-27,WAVERLEY,1
587,2021-07-27,WOLLONGONG,2
588,2021-07-27,WOOLLAHRA,1
589,2021-07-28,BAYSIDE,7
590,2021-07-28,BLACKTOWN,15
591,2021-07-28,CAMDEN,3
592,2021-07-28,CAMPBELLTOWN,11
593,2021-07-28,CANTERBURY-BANKSTOWN,67
594,2021-07-28,CUMBERLAND,32
595,2021-07-28,FAIRFIELD,47
596,2021-07-28,GEORGES RIVER,3
597,2021-07-28,INNER WEST,5
598,2021-07-28,LIVERPOOL,35
599,2021-07-28,NORTHERN BEACHES,1
600,2021-07-28,PARRAMATTA,9
601,2021-07-28,PENRITH,6
602,2021-07-28,STRATHFIELD,3
603,2021-07-28,SYDNEY,1
604,2021-07-28,THE HILLS SHIRE,2
605,2021-07-28,WILLOUGHBY,2
606,2021-07-28,WOLLONGONG,3
607,2021-07-28,WOOLLAHRA,1
608,2021-07-29,BATHURST REGIONAL,1
609,2021-07-29,BAYSIDE,4
610,2021-07-29,BLACKTOWN,13
611,2021-07-29,CAMDEN,1
612,2021-07-29,CAMPBELLTOWN,17
613,2021-07-29,CANTERBURY-BANKSTOWN,43
614,2021-07-29,CUMBERLAND,23
615,2021-07-29,FAIRFIELD,21
616,2021-07-29,GEORGES RIVER,7
617,2021-07-29,INNER WEST,1
618,2021-07-29,LANE COVE,1
619,2021-07-29,LIVERPOOL,25
620,2021-07-29,NORTHERN BEACHES,2
621,2021-07-29,PARRAMATTA,5
622,2021-07-29,PENRITH,3
623,2021-07-29,RANDWICK,2
624,2021-07-29,RYDE,3
625,2021-07-29,STRATHFIELD,6
626,2021-07-29,THE HILLS SHIRE,2
627,2021-07-29,WOLLONDILLY,2
628,2021-07-30,BAYSIDE,5
629,2021-07-30,BLACKTOWN,14
630,2021-07-30,CAMDEN,1
631,2021-07-30,CAMPBELLTOWN,8
632,2021-07-30,CANTERBURY-BANKSTOWN,49
633,2021-07-30,CENTRAL COAST,1
634,2021-07-30,CUMBERLAND,36
635,2021-07-30,FAIRFIELD,22
636,2021-07-30,GEORGES RIVER,5
637,2021-07-30,INNER WEST,6
638,2021-07-30,LAKE MACQUARIE,1
639,2021-07-30,LIVERPOOL,21
640,2021-07-30,NORTHERN BEACHES,1
641,2021-07-30,PARRAMATTA,11
642,2021-07-30,PENRITH,1
643,2021-07-30,RANDWICK,1
644,2021-07-30,RYDE,3
645,2021-07-30,STRATHFIELD,4
646,2021-07-30,SYDNEY,2
647,2021-07-30,THE HILLS SHIRE,5
648,2021-07-31,BAYSIDE,2
649,2021-07-31,BLACKTOWN,24
650,2021-07-31,CAMDEN,1
651,2021-07-31,CAMPBELLTOWN,14
652,2021-07-31,CANADA BAY,1
653,2021-07-31,CANTERBURY-BANKSTOWN,82
654,2021-07-31,CUMBERLAND,27
655,2021-07-31,FAIRFIELD,43
656,2021-07-31,GEORGES RIVER,3
657,2021-07-31,INNER WEST,9
658,2021-07-31,LIVERPOOL,20
659,2021-07-31,NORTHERN BEACHES,1
660,2021-07-31,PARRAMATTA,3
661,2021-07-31,PENRITH,1
662,2021-07-31,RYDE,2
663,2021-07-31,STRATHFIELD,5
664,2021-07-31,THE HILLS SHIRE,1
665,2021-07-31,WINGECARRIBEE,1
666,2021-07-31,WOLLONDILLY,1
667,2021-08-01,BAYSIDE,2
668,2021-08-01,BLACKTOWN,16
669,2021-08-01,CAMDEN,2
670,2021-08-01,CAMPBELLTOWN,20
671,2021-08-01,CANADA BAY,2
672,2021-08-01,CANTERBURY-BANKSTOWN,49
673,2021-08-01,CUMBERLAND,27
674,2021-08-01,FAIRFIELD,15
675,2021-08-01,GEORGES RIVER,8
676,2021-08-01,INNER WEST,4
677,2021-08-01,LIVERPOOL,22
678,2021-08-01,NORTHERN BEACHES,2
679,2021-08-01,PARRAMATTA,8
680,2021-08-01,PENRITH,2
681,2021-08-01,RYDE,1
682,2021-08-01,STRATHFIELD,7
683,2021-08-01,SUTHERLAND SHIRE,1
684,2021-08-01,SYDNEY,1
685,2021-08-01,THE HILLS SHIRE,2
686,2021-08-01,WAVERLEY,1
687,2021-08-01,WILLOUGHBY,1
688,2021-08-02,BAYSIDE,3
689,2021-08-02,BLACKTOWN,11
690,2021-08-02,BURWOOD,1
691,2021-08-02,CAMDEN,8
692,2021-08-02,CAMPBELLTOWN,11
693,2021-08-02,CANADA BAY,2
694,2021-08-02,CANTERBURY-BANKSTOWN,64
695,2021-08-02,CUMBERLAND,41
696,2021-08-02,FAIRFIELD,12
697,2021-08-02,GEORGES RIVER,2
698,2021-08-02,INNER WEST,4
699,2021-08-02,LIVERPOOL,17
700,2021-08-02,PARRAMATTA,4
701,2021-08-02,PENRITH,11
702,2021-08-02,RYDE,1
703,2021-08-02,STRATHFIELD,5
704,2021-08-02,SUTHERLAND SHIRE,2
705,2021-08-02,SYDNEY,3
706,2021-08-02,THE HILLS SHIRE,1
707,2021-08-02,WAVERLEY,2
708,2021-08-02,WILLOUGHBY,2
709,2021-08-03,BAYSIDE,5
710,2021-08-03,BLACKTOWN,18
711,2021-08-03,CAMDEN,2
712,2021-08-03,CAMPBELLTOWN,15
713,2021-08-03,CANTERBURY-BANKSTOWN,79
714,2021-08-03,CUMBERLAND,42
715,2021-08-03,FAIRFIELD,16
716,2021-08-03,GEORGES RIVER,3
717,2021-08-03,INNER WEST,4
718,2021-08-03,LIVERPOOL,11
719,2021-08-03,NORTHERN BEACHES,1
720,2021-08-03,PARRAMATTA,15
721,2021-08-03,PENRITH,10
722,2021-08-03,STRATHFIELD,3
723,2021-08-03,SYDNEY,1
724,2021-08-03,THE HILLS SHIRE,4
725,2021-08-03,WILLOUGHBY,3
726,2021-08-03,WOLLONGONG,3
727,2021-08-04,BAYSIDE,8
728,2021-08-04,BLACKTOWN,19
729,2021-08-04,BLUE MOUNTAINS,1
730,2021-08-04,BURWOOD,2
731,2021-08-04,CAMDEN,2
732,2021-08-04,CAMPBELLTOWN,10
733,2021-08-04,CANADA BAY,1
734,2021-08-04,CANTERBURY-BANKSTOWN,49
735,2021-08-04,CENTRAL COAST,8
736,2021-08-04,CESSNOCK,1
737,2021-08-04,CUMBERLAND,44
738,2021-08-04,FAIRFIELD,25
739,2021-08-04,GEORGES RIVER,4
740,2021-08-04,INNER WEST,6
741,2021-08-04,LIVERPOOL,26
742,2021-08-04,NORTHERN BEACHES,1
743,2021-08-04,PARRAMATTA,13
744,2021-08-04,PENRITH,16
745,2021-08-04,RYDE,1
746,2021-08-04,STRATHFIELD,2
747,2021-08-04,SUTHERLAND SHIRE,1
748,2021-08-04,SYDNEY,3
749,2021-08-04,THE HILLS SHIRE,1
750,2021-08-05,BAYSIDE,4
751,2021-08-05,BLACKTOWN,30
752,2021-08-05,CAMDEN,3
753,2021-08-05,CAMPBELLTOWN,16
754,2021-08-05,CANTERBURY-BANKSTOWN,94
755,2021-08-05,CENTRAL COAST,1
756,2021-08-05,CESSNOCK,1
757,2021-08-05,CUMBERLAND,42
758,2021-08-05,FAIRFIELD,20
759,2021-08-05,GEORGES RIVER,10
760,2021-08-05,INNER WEST,7
761,2021-08-05,LAKE MACQUARIE,1
762,2021-08-05,LIVERPOOL,35
763,2021-08-05,MAITLAND,2
764,2021-08-05,NEWCASTLE,1
765,2021-08-05,NORTHERN BEACHES,6
766,2021-08-05,PARRAMATTA,17
767,2021-08-05,PENRITH,21
768,2021-08-05,RYDE,3
769,2021-08-05,SYDNEY,4
770,2021-08-05,THE HILLS SHIRE,1
771,2021-08-05,WAVERLEY,1
772,2021-08-06,BAYSIDE,9
773,2021-08-06,BLACKTOWN,33
774,2021-08-06,BLUE MOUNTAINS,1
775,2021-08-06,BURWOOD,3
776,2021-08-06,CAMDEN,2
777,2021-08-06,CAMPBELLTOWN,12
778,2021-08-06,CANADA BAY,1
779,2021-08-06,CANTERBURY-BANKSTOWN,66
780,2021-08-06,CESSNOCK,1
781,2021-08-06,CUMBERLAND,37
782,2021-08-06,FAIRFIELD,27
783,2021-08-06,GEORGES RIVER,11
784,2021-08-06,INNER WEST,7
785,2021-08-06,KU-RING-GAI,1
786,2021-08-06,LIVERPOOL,22
787,2021-08-06,MAITLAND,1
788,2021-08-06,NEWCASTLE,3
789,2021-08-06,PARRAMATTA,20
790,2021-08-06,PENRITH,27
791,2021-08-06,RANDWICK,1
792,2021-08-06,RYDE,1
793,2021-08-06,STRATHFIELD,3
794,2021-08-06,SUTHERLAND SHIRE,2
795,2021-08-06,SYDNEY,4
796,2021-08-06,THE HILLS SHIRE,2
797,2021-08-06,WAVERLEY,1
798,2021-08-06,WILLOUGHBY,1
799,2021-08-07,ARMIDALE REGIONAL,2
800,2021-08-07,BAYSIDE,2
801,2021-08-07,BLACKTOWN,18
802,2021-08-07,CAMDEN,4
803,2021-08-07,CAMPBELLTOWN,10
804,2021-08-07,CANADA BAY,1
805,2021-08-07,CANTERBURY-BANKSTOWN,62
806,2021-08-07,CENTRAL COAST,3
807,2021-08-07,CUMBERLAND,38
808,2021-08-07,FAIRFIELD,24
809,2021-08-07,GEORGES RIVER,4
810,2021-08-07,INNER WEST,4
811,2021-08-07,KU-RING-GAI,1
812,2021-08-07,LAKE MACQUARIE,1
813,2021-08-07,LANE COVE,1
814,2021-08-07,LIVERPOOL,18
815,2021-08-07,NEWCASTLE,6
816,2021-08-07,NORTHERN BEACHES,3
817,2021-08-07,PARRAMATTA,7
818,2021-08-07,PENRITH,26
819,2021-08-07,PORT STEPHENS,2
820,2021-08-07,RYDE,2
821,2021-08-07,STRATHFIELD,1
822,2021-08-07,SUTHERLAND SHIRE,2
823,2021-08-07,SYDNEY,1
824,2021-08-07,THE HILLS SHIRE,5
825,2021-08-07,WAVERLEY,2
826,2021-08-08,ARMIDALE REGIONAL,1
827,2021-08-08,BAYSIDE,16
828,2021-08-08,BLACKTOWN,30
829,2021-08-08,CAMDEN,3
830,2021-08-08,CAMPBELLTOWN,14
831,2021-08-08,CANADA BAY,2
832,2021-08-08,CANTERBURY-BANKSTOWN,54
833,2021-08-08,COFFS HARBOUR,1
834,2021-08-08,CUMBERLAND,25
835,2021-08-08,FAIRFIELD,21
836,2021-08-08,GEORGES RIVER,3
837,2021-08-08,INNER WEST,2
838,2021-08-08,KU-RING-GAI,1
839,2021-08-08,LAKE MACQUARIE,2
840,2021-08-08,LIVERPOOL,29
841,2021-08-08,MAITLAND,2
842,2021-08-08,NEWCASTLE,5
843,2021-08-08,NORTHERN BEACHES,4
844,2021-08-08,PARRAMATTA,12
845,2021-08-08,PENRITH,20
846,2021-08-08,PORT STEPHENS,1
847,2021-08-08,RANDWICK,1
848,2021-08-08,RYDE,6
849,2021-08-08,STRATHFIELD,1
850,2021-08-08,SUTHERLAND SHIRE,1
851,2021-08-08,WAVERLEY,1
852,2021-08-08,WOOLLAHRA,2
853,2021-08-09,BAYSIDE,15
854,2021-08-09,BLACKTOWN,42
855,2021-08-09,BURWOOD,2
856,2021-08-09,CAMDEN,5
857,2021-08-09,CAMPBELLTOWN,20
858,2021-08-09,CANADA BAY,1
859,2021-08-09,CANTERBURY-BANKSTOWN,66
860,2021-08-09,CUMBERLAND,72
861,2021-08-09,FAIRFIELD,16
862,2021-08-09,GEORGES RIVER,13
863,2021-08-09,HORNSBY,1
864,2021-08-09,INNER WEST,3
865,2021-08-09,KU-RING-GAI,1
866,2021-08-09,LAKE MACQUARIE,2
867,2021-08-09,LANE COVE,2
868,2021-08-09,LIVERPOOL,24
869,2021-08-09,NEWCASTLE,4
870,2021-08-09,PARRAMATTA,17
871,2021-08-09,PENRITH,28
872,2021-08-09,RANDWICK,5
873,2021-08-09,RYDE,4
874,2021-08-09,STRATHFIELD,7
875,2021-08-09,SUTHERLAND SHIRE,2
876,2021-08-09,SYDNEY,5
877,2021-08-09,THE HILLS SHIRE,2
878,2021-08-09,WAVERLEY,3
879,2021-08-09,WOOLLAHRA,3
880,2021-08-10,BAYSIDE,8
881,2021-08-10,BLACKTOWN,45
882,2021-08-10,BLUE MOUNTAINS,1
883,2021-08-10,CAMDEN,1
884,2021-08-10,CAMPBELLTOWN,10
885,2021-08-10,CANADA BAY,4
886,2021-08-10,CANTERBURY-BANKSTOWN,79
887,2021-08-10,CENTRAL COAST,2
888,2021-08-10,CUMBERLAND,42
889,2021-08-10,DUBBO REGIONAL,1
890,2021-08-10,FAIRFIELD,26
891,2021-08-10,GEORGES RIVER,5
892,2021-08-10,HAWKESBURY,1
893,2021-08-10,INNER WEST,4
894,2021-08-10,KU-RING-GAI,1
895,2021-08-10,LAKE MACQUARIE,11
896,2021-08-10,LANE COVE,1
897,2021-08-10,LIVERPOOL,17
898,2021-08-10,MAITLAND,1
899,2021-08-10,MID-COAST,1
900,2021-08-10,NEWCASTLE,8
901,2021-08-10,NORTH SYDNEY,1
902,2021-08-10,NORTHERN BEACHES,1
903,2021-08-10,PARRAMATTA,13
904,2021-08-10,PENRITH,40
905,2021-08-10,RANDWICK,1
906,2021-08-10,RYDE,3
907,2021-08-10,SHELLHARBOUR,1
908,2021-08-10,STRATHFIELD,1
909,2021-08-10,SUTHERLAND SHIRE,3
910,2021-08-10,SYDNEY,1
911,2021-08-10,THE HILLS SHIRE,1
912,2021-08-10,WAVERLEY,4
913,2021-08-11,BAYSIDE,4
914,2021-08-11,BLACKTOWN,42
915,2021-08-11,BURWOOD,2
916,2021-08-11,CAMDEN,8
917,2021-08-11,CAMPBELLTOWN,16
918,2021-08-11,CANADA BAY,2
919,2021-08-11,CANTERBURY-BANKSTOWN,95
920,2021-08-11,CUMBERLAND,48
921,2021-08-11,DUBBO REGIONAL,4
922,2021-08-11,FAIRFIELD,37
923,2021-08-11,GEORGES RIVER,6
924,2021-08-11,INNER WEST,2
925,2021-08-11,LAKE MACQUARIE,11
926,2021-08-11,LIVERPOOL,20
927,2021-08-11,MAITLAND,3
928,2021-08-11,NEWCASTLE,3
929,2021-08-11,NORTHERN BEACHES,4
930,2021-08-11,PARRAMATTA,7
931,2021-08-11,PENRITH,32
932,2021-08-11,PORT STEPHENS,1
933,2021-08-11,RANDWICK,3
934,2021-08-11,RYDE,2
935,2021-08-11,STRATHFIELD,5
936,2021-08-11,SUTHERLAND SHIRE,1
937,2021-08-11,SYDNEY,4
938,2021-08-11,THE HILLS SHIRE,3
939,2021-08-11,WALGETT,1
940,2021-08-11,WAVERLEY,1
941,2021-08-11,WOLLONDILLY,1
942,2021-08-11,WOOLLAHRA,1
943,2021-08-12,ARMIDALE REGIONAL,1
944,2021-08-12,BAYSIDE,12
945,2021-08-12,BLACKTOWN,69
946,2021-08-12,BLUE MOUNTAINS,3
947,2021-08-12,BURWOOD,1
948,2021-08-12,CAMDEN,4
949,2021-08-12,CAMPBELLTOWN,19
950,2021-08-12,CANADA BAY,1
951,2021-08-12,CANTERBURY-BANKSTOWN,67
952,2021-08-12,CENTRAL COAST,3
953,2021-08-12,CORRECTIONAL SETTINGS,1
954,2021-08-12,CUMBERLAND,53
955,2021-08-12,DUBBO REGIONAL,11
956,2021-08-12,FAIRFIELD,30
957,2021-08-12,GEORGES RIVER,6
958,2021-08-12,HAWKESBURY,3
959,2021-08-12,INNER WEST,2
960,2021-08-12,LAKE MACQUARIE,2
961,2021-08-12,LANE COVE,1
962,2021-08-12,LITHGOW,2
963,2021-08-12,LIVERPOOL,26
964,2021-08-12,MAITLAND,1
965,2021-08-12,NEWCASTLE,3
966,2021-08-12,PARRAMATTA,16
967,2021-08-12,PENRITH,36
968,2021-08-12,PORT STEPHENS,1
969,2021-08-12,RANDWICK,2
970,2021-08-12,RYDE,5
971,2021-08-12,STRATHFIELD,3
972,2021-08-12,SUTHERLAND SHIRE,4
973,2021-08-12,SYDNEY,3
974,2021-08-12,THE HILLS SHIRE,4
975,2021-08-12,WALGETT,3
976,2021-08-12,WAVERLEY,1
977,2021-08-12,WOOLLAHRA,1
978,2021-08-13,BAYSIDE,11
979,2021-08-13,BLACKTOWN,65
980,2021-08-13,CAMDEN,4
981,2021-08-13,CAMPBELLTOWN,6
982,2021-08-13,CANADA BAY,5
983,2021-08-13,CANTERBURY-BANKSTOWN,64
984,2021-08-13,CENTRAL COAST,4
985,2021-08-13,CESSNOCK,1
986,2021-08-13,CUMBERLAND,84
987,2021-08-13,DUBBO REGIONAL,17
988,2021-08-13,FAIRFIELD,26
989,2021-08-13,GEORGES RIVER,12
990,2021-08-13,HAWKESBURY,1
991,2021-08-13,HUNTERS HILL,1
992,2021-08-13,INNER WEST,3
993,2021-08-13,KU-RING-GAI,4
994,2021-08-13,LAKE MACQUARIE,2
995,2021-08-13,LANE COVE,1
996,2021-08-13,LIVERPOOL,25
997,2021-08-13,MAITLAND,9
998,2021-08-13,NEWCASTLE,2
999,2021-08-13,NORTHERN BEACHES,2
1000,2021-08-13,PARRAMATTA,15
1001,2021-08-13,PENRITH,61
1002,2021-08-13,RYDE,7
1003,2021-08-13,SHELLHARBOUR,3
1004,2021-08-13,STRATHFIELD,6
1005,2021-08-13,SUTHERLAND SHIRE,4
1006,2021-08-13,SYDNEY,4
1007,2021-08-13,THE HILLS SHIRE,3
1008,2021-08-13,WAVERLEY,1
1009,2021-08-14,BAYSIDE,9
1010,2021-08-14,BLACKTOWN,69
1011,2021-08-14,BLUE MOUNTAINS,2
1012,2021-08-14,BURWOOD,1
1013,2021-08-14,CAMDEN,2
1014,2021-08-14,CAMPBELLTOWN,6
1015,2021-08-14,CANADA BAY,2
1016,2021-08-14,CANTERBURY-BANKSTOWN,57
1017,2021-08-14,CENTRAL COAST,3
1018,2021-08-14,CORRECTIONAL SETTINGS,1
1019,2021-08-14,CUMBERLAND,48
1020,2021-08-14,DUBBO REGIONAL,21
1021,2021-08-14,FAIRFIELD,11
1022,2021-08-14,GEORGES RIVER,4
1023,2021-08-14,INNER WEST,2
1024,2021-08-14,KU-RING-GAI,1
1025,2021-08-14,LAKE MACQUARIE,1
1026,2021-08-14,LANE COVE,1
1027,2021-08-14,LIVERPOOL,10
1028,2021-08-14,MAITLAND,1
1029,2021-08-14,MID-WESTERN REGIONAL,2
1030,2021-08-14,NEWCASTLE,4
1031,2021-08-14,NORTHERN BEACHES,1
1032,2021-08-14,PARRAMATTA,16
1033,2021-08-14,PENRITH,26
1034,2021-08-14,PORT STEPHENS,3
1035,2021-08-14,RANDWICK,1
1036,2021-08-14,RYDE,1
1037,2021-08-14,STRATHFIELD,4
1038,2021-08-14,SUTHERLAND SHIRE,3
1039,2021-08-14,SYDNEY,3
1040,2021-08-14,THE HILLS SHIRE,5
1041,2021-08-14,WAVERLEY,1
1042,2021-08-14,WOLLONDILLY,1
1043,2021-08-14,WOLLONGONG,1
1044,2021-08-15,BAYSIDE,16
1045,2021-08-15,BLACKTOWN,71
1046,2021-08-15,CAMDEN,7
1047,2021-08-15,CAMPBELLTOWN,22
1048,2021-08-15,CANADA BAY,4
1049,2021-08-15,CANTERBURY-BANKSTOWN,87
1050,2021-08-15,CENTRAL COAST,1
1051,2021-08-15,CORRECTIONAL SETTINGS,1
1052,2021-08-15,CUMBERLAND,104
1053,2021-08-15,DUBBO REGIONAL,31
1054,2021-08-15,FAIRFIELD,39
1055,2021-08-15,GEORGES RIVER,3
1056,2021-08-15,HAWKESBURY,3
1057,2021-08-15,HORNSBY,1
1058,2021-08-15,INNER WEST,1
1059,2021-08-15,KU-RING-GAI,2
1060,2021-08-15,LAKE MACQUARIE,2
1061,2021-08-15,LANE COVE,1
1062,2021-08-15,LIVERPOOL,31
1063,2021-08-15,MAITLAND,10
1064,2021-08-15,NEWCASTLE,3
1065,2021-08-15,NORTHERN BEACHES,1
1066,2021-08-15,PARRAMATTA,16
1067,2021-08-15,PENRITH,20
1068,2021-08-15,RANDWICK,1
1069,2021-08-15,RYDE,2
1070,2021-08-15,STRATHFIELD,7
1071,2021-08-15,SUTHERLAND SHIRE,4
1072,2021-08-15,SYDNEY,3
1073,2021-08-15,THE HILLS SHIRE,9
1074,2021-08-16,BAYSIDE,10
1075,2021-08-16,BLACKTOWN,99
1076,2021-08-16,BLUE MOUNTAINS,1
1077,2021-08-16,BOURKE,1
1078,2021-08-16,BROKEN HILL,1
1079,2021-08-16,BURWOOD,1
1080,2021-08-16,CAMDEN,11
1081,2021-08-16,CAMPBELLTOWN,30
1082,2021-08-16,CANADA BAY,1
1083,2021-08-16,CANTERBURY-BANKSTOWN,93
1084,2021-08-16,CUMBERLAND,102
1085,2021-08-16,DUBBO REGIONAL,15
1086,2021-08-16,FAIRFIELD,43
1087,2021-08-16,GEORGES RIVER,9
1088,2021-08-16,GILGANDRA,1
1089,2021-08-16,INNER WEST,6
1090,2021-08-16,KU-RING-GAI,4
1091,2021-08-16,LAKE MACQUARIE,2
1092,2021-08-16,LIVERPOOL,56
1093,2021-08-16,MAITLAND,3
1094,2021-08-16,MID-WESTERN REGIONAL,1
1095,2021-08-16,NARROMINE,1
1096,2021-08-16,NEWCASTLE,4
1097,2021-08-16,NORTHERN BEACHES,2
1098,2021-08-16,PARRAMATTA,18
1099,2021-08-16,PENRITH,40
1100,2021-08-16,RANDWICK,1
1101,2021-08-16,RYDE,2
1102,2021-08-16,SHELLHARBOUR,2
1103,2021-08-16,STRATHFIELD,8
1104,2021-08-16,SUTHERLAND SHIRE,2
1105,2021-08-16,SYDNEY,5
1106,2021-08-16,THE HILLS SHIRE,2
1107,2021-08-16,WILLOUGHBY,1
1108,2021-08-16,WOLLONGONG,1
1109,2021-08-17,BAYSIDE,7
1110,2021-08-17,BLACKTOWN,77
1111,2021-08-17,BOURKE,1
1112,2021-08-17,BURWOOD,2
1113,2021-08-17,CAMDEN,10
1114,2021-08-17,CAMPBELLTOWN,15
1115,2021-08-17,CANADA BAY,1
1116,2021-08-17,CANTERBURY-BANKSTOWN,101
1117,2021-08-17,CENTRAL COAST,1
1118,2021-08-17,CENTRAL DARLING,3
1119,2021-08-17,CUMBERLAND,97
1120,2021-08-17,DUBBO REGIONAL,23
1121,2021-08-17,FAIRFIELD,46
1122,2021-08-17,GEORGES RIVER,4
1123,2021-08-17,GOULBURN MULWAREE,1
1124,2021-08-17,HAWKESBURY,9
1125,2021-08-17,INNER WEST,6
1126,2021-08-17,KEMPSEY,1
1127,2021-08-17,LAKE MACQUARIE,2
1128,2021-08-17,LIVERPOOL,39
1129,2021-08-17,MAITLAND,1
1130,2021-08-17,NEWCASTLE,11
1131,2021-08-17,NORTHERN BEACHES,4
1132,2021-08-17,PARRAMATTA,16
1133,2021-08-17,PENRITH,43
1134,2021-08-17,RANDWICK,1
1135,2021-08-17,RYDE,2
1136,2021-08-17,SHELLHARBOUR,2
1137,2021-08-17,SHOALHAVEN,1
1138,2021-08-17,STRATHFIELD,7
1139,2021-08-17,SUTHERLAND SHIRE,6
1140,2021-08-17,SYDNEY,5
1141,2021-08-17,THE HILLS SHIRE,1
1142,2021-08-17,WAVERLEY,2
1143,2021-08-17,WILLOUGHBY,1
1144,2021-08-18,BAYSIDE,16
1145,2021-08-18,BLACKTOWN,95
1146,2021-08-18,BOURKE,2
1147,2021-08-18,BURWOOD,1
1148,2021-08-18,CAMDEN,8
1149,2021-08-18,CAMPBELLTOWN,27
1150,2021-08-18,CANADA BAY,2
1151,2021-08-18,CANTERBURY-BANKSTOWN,108
1152,2021-08-18,CENTRAL COAST,2
1153,2021-08-18,CENTRAL DARLING,2
1154,2021-08-18,CORRECTIONAL SETTINGS,1
1155,2021-08-18,CUMBERLAND,129
1156,2021-08-18,DUBBO REGIONAL,17
1157,2021-08-18,FAIRFIELD,35
1158,2021-08-18,GEORGES RIVER,6
1159,2021-08-18,GILGANDRA,1
1160,2021-08-18,HAWKESBURY,4
1161,2021-08-18,HORNSBY,5
1162,2021-08-18,INNER WEST,2
1163,2021-08-18,KU-RING-GAI,1
1164,2021-08-18,LIVERPOOL,45
1165,2021-08-18,MID-WESTERN REGIONAL,3
1166,2021-08-18,NEWCASTLE,5
1167,2021-08-18,NORTHERN BEACHES,3
1168,2021-08-18,PARRAMATTA,24
1169,2021-08-18,PENRITH,64
1170,2021-08-18,QUEANBEYAN-PALERANG REGIONAL,2
1171,2021-08-18,RANDWICK,2
1172,2021-08-18,RYDE,4
1173,2021-08-18,SHOALHAVEN,1
1174,2021-08-18,STRATHFIELD,4
1175,2021-08-18,SUTHERLAND SHIRE,1
1176,2021-08-18,SYDNEY,9
1177,2021-08-18,THE HILLS SHIRE,3
1178,2021-08-18,WARREN,2
1179,2021-08-18,WAVERLEY,1
1180,2021-08-18,WOLLONDILLY,1
1181,2021-08-19,BATHURST REGIONAL,2
1182,2021-08-19,BAYSIDE,6
1183,2021-08-19,BLACKTOWN,98
1184,2021-08-19,BLUE MOUNTAINS,1
1185,2021-08-19,BREWARRINA,2
1186,2021-08-19,BURWOOD,1
1187,2021-08-19,CAMDEN,8
1188,2021-08-19,CAMPBELLTOWN,29
1189,2021-08-19,CANADA BAY,5
1190,2021-08-19,CANTERBURY-BANKSTOWN,153
1191,2021-08-19,CENTRAL COAST,1
1192,2021-08-19,CENTRAL DARLING,6
1193,2021-08-19,CORRECTIONAL SETTINGS,1
1194,2021-08-19,CUMBERLAND,164
1195,2021-08-19,DUBBO REGIONAL,25
1196,2021-08-19,FAIRFIELD,53
1197,2021-08-19,GEORGES RIVER,12
1198,2021-08-19,GILGANDRA,1
1199,2021-08-19,HAWKESBURY,6
1200,2021-08-19,HORNSBY,3
1201,2021-08-19,INNER WEST,5
1202,2021-08-19,KEMPSEY,1
1203,2021-08-19,KIAMA,1
1204,2021-08-19,LANE COVE,1
1205,2021-08-19,LIVERPOOL,61
1206,2021-08-19,MAITLAND,1
1207,2021-08-19,NARROMINE,1
1208,2021-08-19,NEWCASTLE,1
1209,2021-08-19,NORTHERN BEACHES,2
1210,2021-08-19,ORANGE,3
1211,2021-08-19,PARRAMATTA,26
1212,2021-08-19,PENRITH,42
1213,2021-08-19,RANDWICK,12
1214,2021-08-19,RYDE,3
1215,2021-08-19,STRATHFIELD,3
1216,2021-08-19,SUTHERLAND SHIRE,3
1217,2021-08-19,SYDNEY,2
1218,2021-08-19,THE HILLS SHIRE,13
1219,2021-08-19,WAVERLEY,1
1220,2021-08-20,BATHURST REGIONAL,3
1221,2021-08-20,BAYSIDE,14
1222,2021-08-20,BLACKTOWN,108
1223,2021-08-20,BLUE MOUNTAINS,1
1224,2021-08-20,BROKEN HILL,1
1225,2021-08-20,BURWOOD,4
1226,2021-08-20,CAMDEN,11
1227,2021-08-20,CAMPBELLTOWN,20
1228,2021-08-20,CANADA BAY,4
1229,2021-08-20,CANTERBURY-BANKSTOWN,117
1230,2021-08-20,CENTRAL COAST,1
1231,2021-08-20,CENTRAL DARLING,11
1232,2021-08-20,CORRECTIONAL SETTINGS,3
1233,2021-08-20,CUMBERLAND,149
1234,2021-08-20,DUBBO REGIONAL,33
1235,2021-08-20,FAIRFIELD,62
1236,2021-08-20,GEORGES RIVER,16
1237,2021-08-20,GOULBURN MULWAREE,2
1238,2021-08-20,HAWKESBURY,2
1239,2021-08-20,HORNSBY,1
1240,2021-08-20,INNER WEST,7
1241,2021-08-20,KU-RING-GAI,1
1242,2021-08-20,LAKE MACQUARIE,2
1243,2021-08-20,LANE COVE,1
1244,2021-08-20,LIVERPOOL,56
1245,2021-08-20,MAITLAND,1
1246,2021-08-20,NEWCASTLE,1
1247,2021-08-20,NORTHERN BEACHES,2
1248,2021-08-20,ORANGE,1
1249,2021-08-20,PARRAMATTA,27
1250,2021-08-20,PENRITH,49
1251,2021-08-20,RANDWICK,16
1252,2021-08-20,RYDE,10
1253,2021-08-20,STRATHFIELD,2
1254,2021-08-20,SUTHERLAND SHIRE,2
1255,2021-08-20,SYDNEY,17
1256,2021-08-20,THE HILLS SHIRE,5
1257,2021-08-20,WOLLONDILLY,5
1258,2021-08-21,BATHURST REGIONAL,1
1259,2021-08-21,BAYSIDE,11
1260,2021-08-21,BLACKTOWN,83
1261,2021-08-21,BLUE MOUNTAINS,5
1262,2021-08-21,BOURKE,2
1263,2021-08-21,BREWARRINA,4
1264,2021-08-21,BURWOOD,3
1265,2021-08-21,CAMDEN,18
1266,2021-08-21,CAMPBELLTOWN,17
1267,2021-08-21,CANADA BAY,11
1268,2021-08-21,CANTERBURY-BANKSTOWN,148
1269,2021-08-21,CESSNOCK,2
1270,2021-08-21,COONAMBLE,1
1271,2021-08-21,CORRECTIONAL SETTINGS,2
1272,2021-08-21,CUMBERLAND,198
1273,2021-08-21,DUBBO REGIONAL,23
1274,2021-08-21,FAIRFIELD,45
1275,2021-08-21,GEORGES RIVER,14
1276,2021-08-21,HAWKESBURY,6
1277,2021-08-21,HORNSBY,6
1278,2021-08-21,HUNTERS HILL,3
1279,2021-08-21,INNER WEST,7
1280,2021-08-21,KU-RING-GAI,1
1281,2021-08-21,LANE COVE,3
1282,2021-08-21,LITHGOW,1
1283,2021-08-21,LIVERPOOL,62
1284,2021-08-21,MID-WESTERN REGIONAL,1
1285,2021-08-21,NARROMINE,1
1286,2021-08-21,NEWCASTLE,3
1287,2021-08-21,NORTHERN BEACHES,1
1288,2021-08-21,ORANGE,2
1289,2021-08-21,PARKES,1
1290,2021-08-21,PARRAMATTA,31
1291,2021-08-21,PENRITH,57
1292,2021-08-21,RANDWICK,7
1293,2021-08-21,RYDE,4
1294,2021-08-21,STRATHFIELD,4
1295,2021-08-21,SUTHERLAND SHIRE,2
1296,2021-08-21,SYDNEY,10
1297,2021-08-21,THE HILLS SHIRE,5
1298,2021-08-21,WAVERLEY,4
1299,2021-08-21,WOOLLAHRA,3
1300,2021-08-22,BAYSIDE,7
1301,2021-08-22,BLACKTOWN,99
1302,2021-08-22,BROKEN HILL,1
1303,2021-08-22,BURWOOD,2
1304,2021-08-22,CAMDEN,9
1305,2021-08-22,CAMPBELLTOWN,23
1306,2021-08-22,CANADA BAY,1
1307,2021-08-22,CANTERBURY-BANKSTOWN,119
1308,2021-08-22,CENTRAL COAST,4
1309,2021-08-22,CENTRAL DARLING,12
1310,2021-08-22,CESSNOCK,1
1311,2021-08-22,CORRECTIONAL SETTINGS,4
1312,2021-08-22,CUMBERLAND,166
1313,2021-08-22,DUBBO REGIONAL,14
1314,2021-08-22,FAIRFIELD,56
1315,2021-08-22,GEORGES RIVER,11
1316,2021-08-22,HAWKESBURY,8
1317,2021-08-22,HORNSBY,5
1318,2021-08-22,HUNTERS HILL,4
1319,2021-08-22,INNER WEST,9
1320,2021-08-22,LAKE MACQUARIE,1
1321,2021-08-22,LANE COVE,3
1322,2021-08-22,LIVERPOOL,49
1323,2021-08-22,ORANGE,2
1324,2021-08-22,PARKES,5
1325,2021-08-22,PARRAMATTA,33
1326,2021-08-22,PENRITH,45
1327,2021-08-22,RANDWICK,11
1328,2021-08-22,RYDE,6
1329,2021-08-22,STRATHFIELD,9
1330,2021-08-22,SUTHERLAND SHIRE,3
1331,2021-08-22,SYDNEY,8
1332,2021-08-22,THE HILLS SHIRE,7
1333,2021-08-22,WARREN,1
1334,2021-08-22,WOLLONGONG,4
1335,2021-08-23,BATHURST REGIONAL,1
1336,2021-08-23,BAYSIDE,10
1337,2021-08-23,BLACKTOWN,130
1338,2021-08-23,BLUE MOUNTAINS,2
1339,2021-08-23,BOURKE,8
1340,2021-08-23,BROKEN HILL,2
1341,2021-08-23,CAMDEN,11
1342,2021-08-23,CAMPBELLTOWN,21
1343,2021-08-23,CANADA BAY,1
1344,2021-08-23,CANTERBURY-BANKSTOWN,148
1345,2021-08-23,CENTRAL COAST,1
1346,2021-08-23,CENTRAL DARLING,7
1347,2021-08-23,CESSNOCK,1
1348,2021-08-23,COONAMBLE,1
1349,2021-08-23,CORRECTIONAL SETTINGS,3
1350,2021-08-23,CUMBERLAND,159
1351,2021-08-23,DUBBO REGIONAL,40
1352,2021-08-23,FAIRFIELD,53
1353,2021-08-23,GEORGES RIVER,15
1354,2021-08-23,GILGANDRA,2
1355,2021-08-23,HAWKESBURY,6
1356,2021-08-23,HORNSBY,2
1357,2021-08-23,HUNTERS HILL,1
1358,2021-08-23,INNER WEST,13
1359,2021-08-23,KU-RING-GAI,3
1360,2021-08-23,LANE COVE,3
1361,2021-08-23,LIVERPOOL,58
1362,2021-08-23,MOSMAN,1
1363,2021-08-23,NARROMINE,1
1364,2021-08-23,NEWCASTLE,2
1365,2021-08-23,NORTHERN BEACHES,4
1366,2021-08-23,ORANGE,3
1367,2021-08-23,PARRAMATTA,37
1368,2021-08-23,PENRITH,41
1369,2021-08-23,RANDWICK,9
1370,2021-08-23,RYDE,2
1371,2021-08-23,STRATHFIELD,5
1372,2021-08-23,SUTHERLAND SHIRE,1
1373,2021-08-23,SYDNEY,11
1374,2021-08-23,THE HILLS SHIRE,4
1375,2021-08-23,WAVERLEY,1
1376,2021-08-23,WOLLONGONG,1
1377,2021-08-23,WOOLLAHRA,2
1378,2021-08-24,BAYSIDE,13
1379,2021-08-24,BLACKTOWN,124
1380,2021-08-24,BLUE MOUNTAINS,1
1381,2021-08-24,BOURKE,1
1382,2021-08-24,BROKEN HILL,1
1383,2021-08-24,BURWOOD,2
1384,2021-08-24,CAMDEN,17
1385,2021-08-24,CAMPBELLTOWN,29
1386,2021-08-24,CANADA BAY,5
1387,2021-08-24,CANTERBURY-BANKSTOWN,155
1388,2021-08-24,CENTRAL COAST,1
1389,2021-08-24,CENTRAL DARLING,1
1390,2021-08-24,CORRECTIONAL SETTINGS,6
1391,2021-08-24,CUMBERLAND,197
1392,2021-08-24,DUBBO REGIONAL,29
1393,2021-08-24,FAIRFIELD,75
1394,2021-08-24,GEORGES RIVER,11
1395,2021-08-24,GILGANDRA,1
1396,2021-08-24,HAWKESBURY,7
1397,2021-08-24,HORNSBY,1
1398,2021-08-24,HUNTERS HILL,3
1399,2021-08-24,INNER WEST,13
1400,2021-08-24,KU-RING-GAI,1
1401,2021-08-24,LAKE MACQUARIE,1
1402,2021-08-24,LANE COVE,1
1403,2021-08-24,LITHGOW,1
1404,2021-08-24,LIVERPOOL,61
1405,2021-08-24,MID-WESTERN REGIONAL,1
1406,2021-08-24,NORTHERN BEACHES,2
1407,2021-08-24,ORANGE,3
1408,2021-08-24,PARRAMATTA,34
1409,2021-08-24,PENRITH,64
1410,2021-08-24,PORT STEPHENS,1
1411,2021-08-24,RANDWICK,12
1412,2021-08-24,RYDE,5
1413,2021-08-24,SHELLHARBOUR,1
1414,2021-08-24,STRATHFIELD,4
1415,2021-08-24,SUTHERLAND SHIRE,6
1416,2021-08-24,SYDNEY,12
1417,2021-08-24,THE HILLS SHIRE,3
1418,2021-08-24,WAVERLEY,2
1419,2021-08-24,WOLLONDILLY,1
1420,2021-08-24,WOLLONGONG,5
1421,2021-08-25,BATHURST REGIONAL,2
1422,2021-08-25,BAYSIDE,21
1423,2021-08-25,BLACKTOWN,109
1424,2021-08-25,BLUE MOUNTAINS,6
1425,2021-08-25,BOURKE,6
1426,2021-08-25,BURWOOD,3
1427,2021-08-25,CAMDEN,15
1428,2021-08-25,CAMPBELLTOWN,33
1429,2021-08-25,CANADA BAY,10
1430,2021-08-25,CANTERBURY-BANKSTOWN,158
1431,2021-08-25,CENTRAL COAST,2
1432,2021-08-25,CENTRAL DARLING,11
1433,2021-08-25,CORRECTIONAL SETTINGS,4
1434,2021-08-25,CUMBERLAND,195
1435,2021-08-25,DUBBO REGIONAL,14
1436,2021-08-25,FAIRFIELD,69
1437,2021-08-25,FORBES,1
1438,2021-08-25,GEORGES RIVER,7
1439,2021-08-25,HAWKESBURY,7
1440,2021-08-25,HORNSBY,8
1441,2021-08-25,INNER WEST,15
1442,2021-08-25,KU-RING-GAI,2
1443,2021-08-25,LIVERPOOL,85
1444,2021-08-25,MAITLAND,1
1445,2021-08-25,NARROMINE,1
1446,2021-08-25,NORTH SYDNEY,1
1447,2021-08-25,NORTHERN BEACHES,2
1448,2021-08-25,ORANGE,2
1449,2021-08-25,PARRAMATTA,39
1450,2021-08-25,PENRITH,60
1451,2021-08-25,RANDWICK,11
1452,2021-08-25,RYDE,7
1453,2021-08-25,SHELLHARBOUR,1
1454,2021-08-25,STRATHFIELD,12
1455,2021-08-25,SUTHERLAND SHIRE,3
1456,2021-08-25,SYDNEY,11
1457,2021-08-25,THE HILLS SHIRE,16
1458,2021-08-25,WAVERLEY,2
1459,2021-08-25,WILLOUGHBY,1
1460,2021-08-25,WOLLONDILLY,3
1461,2021-08-25,WOLLONGONG,3
1462,2021-08-25,WOOLLAHRA,2
1463,2021-08-26,BAYSIDE,14
1464,2021-08-26,BLACKTOWN,122
1465,2021-08-26,BLUE MOUNTAINS,3
1466,2021-08-26,BOURKE,1
1467,2021-08-26,BREWARRINA,2
1468,2021-08-26,CAMDEN,11
1469,2021-08-26,CAMPBELLTOWN,24
1470,2021-08-26,CANADA BAY,4
1471,2021-08-26,CANTERBURY-BANKSTOWN,165
1472,2021-08-26,CENTRAL COAST,1
1473,2021-08-26,CENTRAL DARLING,3
1474,2021-08-26,CORRECTIONAL SETTINGS,4
1475,2021-08-26,CUMBERLAND,203
1476,2021-08-26,DUBBO REGIONAL,31
1477,2021-08-26,FAIRFIELD,69
1478,2021-08-26,GEORGES RIVER,11
1479,2021-08-26,HAWKESBURY,7
1480,2021-08-26,HORNSBY,2
1481,2021-08-26,HUNTERS HILL,1
1482,2021-08-26,INNER WEST,14
1483,2021-08-26,KU-RING-GAI,1
1484,2021-08-26,LANE COVE,1
1485,2021-08-26,LIVERPOOL,77
1486,2021-08-26,MAITLAND,2
1487,2021-08-26,NARROMINE,3
1488,2021-08-26,NORTH SYDNEY,1
1489,2021-08-26,NORTHERN BEACHES,2
1490,2021-08-26,ORANGE,4
1491,2021-08-26,PARRAMATTA,49
1492,2021-08-26,PENRITH,42
1493,2021-08-26,RANDWICK,8
1494,2021-08-26,RYDE,7
1495,2021-08-26,SHELLHARBOUR,1
1496,2021-08-26,STRATHFIELD,10
1497,2021-08-26,SUTHERLAND SHIRE,7
1498,2021-08-26,SYDNEY,21
1499,2021-08-26,THE HILLS SHIRE,6
1500,2021-08-26,WAVERLEY,3
1501,2021-08-26,WILLOUGHBY,1
1502,2021-08-26,WOLLONDILLY,2
1503,2021-08-26,WOLLONGONG,3
1504,2021-08-26,WOOLLAHRA,2
1505,2021-08-27,BATHURST REGIONAL,1
1506,2021-08-27,BAYSIDE,12
1507,2021-08-27,BLACKTOWN,119
1508,2021-08-27,BLUE MOUNTAINS,5
1509,2021-08-27,BOURKE,7
1510,2021-08-27,CAMDEN,21
1511,2021-08-27,CAMPBELLTOWN,42
1512,2021-08-27,CANADA BAY,3
1513,2021-08-27,CANTERBURY-BANKSTOWN,214
1514,2021-08-27,CENTRAL COAST,2
1515,2021-08-27,CENTRAL DARLING,4
1516,2021-08-27,CESSNOCK,1
1517,2021-08-27,CORRECTIONAL SETTINGS,7
1518,2021-08-27,CUMBERLAND,239
1519,2021-08-27,DUBBO REGIONAL,32
1520,2021-08-27,FAIRFIELD,63
1521,2021-08-27,GEORGES RIVER,11
1522,2021-08-27,HAWKESBURY,3
1523,2021-08-27,HORNSBY,6
1524,2021-08-27,INNER WEST,10
1525,2021-08-27,KU-RING-GAI,1
1526,2021-08-27,LANE COVE,1
1527,2021-08-27,LIVERPOOL,95
1528,2021-08-27,MAITLAND,2
1529,2021-08-27,MID-WESTERN REGIONAL,1
1530,2021-08-27,MOSMAN,3
1531,2021-08-27,NARROMINE,1
1532,2021-08-27,NEWCASTLE,2
1533,2021-08-27,NORTH SYDNEY,1
1534,2021-08-27,NORTHERN BEACHES,3
1535,2021-08-27,PARRAMATTA,32
1536,2021-08-27,PENRITH,87
1537,2021-08-27,RANDWICK,8
1538,2021-08-27,RYDE,19
1539,2021-08-27,SHELLHARBOUR,5
1540,2021-08-27,STRATHFIELD,8
1541,2021-08-27,SUTHERLAND SHIRE,6
1542,2021-08-27,SYDNEY,22
1543,2021-08-27,THE HILLS SHIRE,15
1544,2021-08-27,WAVERLEY,5
1545,2021-08-27,WILLOUGHBY,2
1546,2021-08-27,WINGECARRIBEE,1
1547,2021-08-27,WOLLONDILLY,1
1548,2021-08-27,WOLLONGONG,4
1549,2021-08-27,WOOLLAHRA,1
1550,2021-08-28,BATHURST REGIONAL,1
1551,2021-08-28,BAYSIDE,19
1552,2021-08-28,BLACKTOWN,127
1553,2021-08-28,BLAYNEY,1
1554,2021-08-28,BLUE MOUNTAINS,3
1555,2021-08-28,BOGAN,1
1556,2021-08-28,BOURKE,2
1557,2021-08-28,BREWARRINA,1
1558,2021-08-28,CAMDEN,11
1559,2021-08-28,CAMPBELLTOWN,32
1560,2021-08-28,CANADA BAY,2
1561,2021-08-28,CANTERBURY-BANKSTOWN,234
1562,2021-08-28,CENTRAL COAST,3
1563,2021-08-28,CENTRAL DARLING,9
1564,2021-08-28,CESSNOCK,1
1565,2021-08-28,CORRECTIONAL SETTINGS,16
1566,2021-08-28,CUMBERLAND,243
1567,2021-08-28,DUBBO REGIONAL,21
1568,2021-08-28,FAIRFIELD,75
1569,2021-08-28,FORBES,1
1570,2021-08-28,GEORGES RIVER,16
1571,2021-08-28,HAWKESBURY,3
1572,2021-08-28,HORNSBY,3
1573,2021-08-28,HUNTERS HILL,3
1574,2021-08-28,INNER WEST,9
1575,2021-08-28,KU-RING-GAI,1
1576,2021-08-28,LIVERPOOL,88
1577,2021-08-28,NARROMINE,2
1578,2021-08-28,NEWCASTLE,1
1579,2021-08-28,NORTH SYDNEY,2
1580,2021-08-28,NORTHERN BEACHES,4
1581,2021-08-28,ORANGE,2
1582,2021-08-28,PARRAMATTA,36
1583,2021-08-28,PENRITH,49
1584,2021-08-28,PORT STEPHENS,2
1585,2021-08-28,RANDWICK,9
1586,2021-08-28,RYDE,8
1587,2021-08-28,SHELLHARBOUR,6
1588,2021-08-28,STRATHFIELD,7
1589,2021-08-28,SUTHERLAND SHIRE,9
1590,2021-08-28,SYDNEY,27
1591,2021-08-28,THE HILLS SHIRE,7
1592,2021-08-28,WAVERLEY,4
1593,2021-08-28,WILLOUGHBY,4
1594,2021-08-28,WOLLONDILLY,1
1595,2021-08-28,WOLLONGONG,7
1596,2021-08-28,WOOLLAHRA,2
1597,2021-08-29,BATHURST REGIONAL,8
1598,2021-08-29,BAYSIDE,18
1599,2021-08-29,BLACKTOWN,135
1600,2021-08-29,BLUE MOUNTAINS,1
1601,2021-08-29,BOURKE,2
1602,2021-08-29,BREWARRINA,1
1603,2021-08-29,BROKEN HILL,1
1604,2021-08-29,BURWOOD,1
1605,2021-08-29,CAMDEN,20
1606,2021-08-29,CAMPBELLTOWN,48
1607,2021-08-29,CANADA BAY,7
1608,2021-08-29,CANTERBURY-BANKSTOWN,264
1609,2021-08-29,CENTRAL COAST,6
1610,2021-08-29,CENTRAL DARLING,4
1611,2021-08-29,CORRECTIONAL SETTINGS,9
1612,2021-08-29,CUMBERLAND,262
1613,2021-08-29,DUBBO REGIONAL,33
1614,2021-08-29,FAIRFIELD,69
1615,2021-08-29,FORBES,1
1616,2021-08-29,GEORGES RIVER,16
1617,2021-08-29,HAWKESBURY,3
1618,2021-08-29,HORNSBY,3
1619,2021-08-29,HUNTERS HILL,2
1620,2021-08-29,INNER WEST,10
1621,2021-08-29,LAKE MACQUARIE,1
1622,2021-08-29,LANE COVE,3
1623,2021-08-29,LIVERPOOL,82
1624,2021-08-29,MID-WESTERN REGIONAL,1
1625,2021-08-29,NARROMINE,1
1626,2021-08-29,NORTHERN BEACHES,3
1627,2021-08-29,PARKES,3
1628,2021-08-29,PARRAMATTA,40
1629,2021-08-29,PENRITH,81
1630,2021-08-29,RANDWICK,12
1631,2021-08-29,RYDE,9
1632,2021-08-29,SHELLHARBOUR,1
1633,2021-08-29,STRATHFIELD,2
1634,2021-08-29,SUTHERLAND SHIRE,2
1635,2021-08-29,SYDNEY,24
1636,2021-08-29,THE HILLS SHIRE,3
1637,2021-08-29,WOLLONDILLY,5
1638,2021-08-29,WOLLONGONG,2
1639,2021-08-29,WOOLLAHRA,1
1640,2021-08-30,BATHURST REGIONAL,2
1641,2021-08-30,BAYSIDE,20
1642,2021-08-30,BLACKTOWN,125
1643,2021-08-30,BLUE MOUNTAINS,6
1644,2021-08-30,BOURKE,9
1645,2021-08-30,BURWOOD,2
1646,2021-08-30,CAMDEN,21
1647,2021-08-30,CAMPBELLTOWN,51
1648,2021-08-30,CANADA BAY,4
1649,2021-08-30,CANTERBURY-BANKSTOWN,250
1650,2021-08-30,CENTRAL COAST,3
1651,2021-08-30,CENTRAL DARLING,1
1652,2021-08-30,CORRECTIONAL SETTINGS,38
1653,2021-08-30,CUMBERLAND,190
1654,2021-08-30,DUBBO REGIONAL,31
1655,2021-08-30,FAIRFIELD,72
1656,2021-08-30,GEORGES RIVER,20
1657,2021-08-30,HAWKESBURY,1
1658,2021-08-30,INNER WEST,16
1659,2021-08-30,KU-RING-GAI,1
1660,2021-08-30,LAKE MACQUARIE,2
1661,2021-08-30,LANE COVE,2
1662,2021-08-30,LIVERPOOL,67
1663,2021-08-30,NARROMINE,2
1664,2021-08-30,NORTHERN BEACHES,5
1665,2021-08-30,ORANGE,1
1666,2021-08-30,PARRAMATTA,27
1667,2021-08-30,PENRITH,42
1668,2021-08-30,PORT STEPHENS,1
1669,2021-08-30,QUEANBEYAN-PALERANG REGIONAL,1
1670,2021-08-30,RANDWICK,10
1671,2021-08-30,RYDE,5
1672,2021-08-30,SHELLHARBOUR,1
1673,2021-08-30,STRATHFIELD,9
1674,2021-08-30,SUTHERLAND SHIRE,6
1675,2021-08-30,SYDNEY,16
1676,2021-08-30,THE HILLS SHIRE,5
1677,2021-08-30,WAVERLEY,8
1678,2021-08-30,WILLOUGHBY,3
1679,2021-08-30,WINGECARRIBEE,1
1680,2021-08-30,WOLLONDILLY,4
1681,2021-08-30,WOLLONGONG,1
1682,2021-08-30,WOOLLAHRA,2
1683,2021-08-31,BAYSIDE,17
1684,2021-08-31,BLACKTOWN,125
1685,2021-08-31,BLAYNEY,2
1686,2021-08-31,BLUE MOUNTAINS,5
1687,2021-08-31,BOURKE,3
1688,2021-08-31,BURWOOD,1
1689,2021-08-31,CAMDEN,13
1690,2021-08-31,CAMPBELLTOWN,36
1691,2021-08-31,CANADA BAY,5
1692,2021-08-31,CANTERBURY-BANKSTOWN,252
1693,2021-08-31,CENTRAL COAST,4
1694,2021-08-31,CENTRAL DARLING,4
1695,2021-08-31,CORRECTIONAL SETTINGS,5
1696,2021-08-31,CUMBERLAND,272
1697,2021-08-31,DUBBO REGIONAL,24
1698,2021-08-31,FAIRFIELD,85
1699,2021-08-31,GEORGES RIVER,18
1700,2021-08-31,HAWKESBURY,5
1701,2021-08-31,HORNSBY,6
1702,2021-08-31,HUNTERS HILL,1
1703,2021-08-31,INNER WEST,21
1704,2021-08-31,LAKE MACQUARIE,4
1705,2021-08-31,LANE COVE,1
1706,2021-08-31,LIVERPOOL,100
1707,2021-08-31,MID-WESTERN REGIONAL,1
1708,2021-08-31,MOSMAN,1
1709,2021-08-31,NARROMINE,1
1710,2021-08-31,NEWCASTLE,3
1711,2021-08-31,NORTHERN BEACHES,7
1712,2021-08-31,ORANGE,1
1713,2021-08-31,PARKES,1
1714,2021-08-31,PARRAMATTA,41
1715,2021-08-31,PENRITH,59
1716,2021-08-31,RANDWICK,7
1717,2021-08-31,RYDE,10
1718,2021-08-31,SHELLHARBOUR,3
1719,2021-08-31,STRATHFIELD,3
1720,2021-08-31,SUTHERLAND SHIRE,8
1721,2021-08-31,SYDNEY,27
1722,2021-08-31,THE HILLS SHIRE,15
1723,2021-08-31,WAVERLEY,2
1724,2021-08-31,WILLOUGHBY,1
1725,2021-08-31,WINGECARRIBEE,1
1726,2021-08-31,WOLLONDILLY,3
1727,2021-08-31,WOLLONGONG,9
1728,2021-09-01,BATHURST REGIONAL,2
1729,2021-09-01,BAYSIDE,17
1730,2021-09-01,BLACKTOWN,130
1731,2021-09-01,BLUE MOUNTAINS,2
1732,2021-09-01,BOURKE,1
1733,2021-09-01,BROKEN HILL,1
1734,2021-09-01,CAMDEN,16
1735,2021-09-01,CAMPBELLTOWN,56
1736,2021-09-01,CANADA BAY,13
1737,2021-09-01,CANTERBURY-BANKSTOWN,272
1738,2021-09-01,CENTRAL COAST,7
1739,2021-09-01,CENTRAL DARLING,3
1740,2021-09-01,CORRECTIONAL SETTINGS,18
1741,2021-09-01,CUMBERLAND,270
1742,2021-09-01,DUBBO REGIONAL,22
1743,2021-09-01,FAIRFIELD,65
1744,2021-09-01,FORBES,1
1745,2021-09-01,GEORGES RIVER,30
1746,2021-09-01,HAWKESBURY,7
1747,2021-09-01,HORNSBY,5
1748,2021-09-01,INNER WEST,19
1749,2021-09-01,KU-RING-GAI,1
1750,2021-09-01,LAKE MACQUARIE,1
1751,2021-09-01,LANE COVE,3
1752,2021-09-01,LIVERPOOL,103
1753,2021-09-01,MAITLAND,1
1754,2021-09-01,NEWCASTLE,2
1755,2021-09-01,NORTH SYDNEY,1
1756,2021-09-01,NORTHERN BEACHES,6
1757,2021-09-01,ORANGE,3
1758,2021-09-01,PARRAMATTA,51
1759,2021-09-01,PENRITH,74
1760,2021-09-01,PORT STEPHENS,2
1761,2021-09-01,QUEANBEYAN-PALERANG REGIONAL,2
1762,2021-09-01,RANDWICK,14
1763,2021-09-01,RYDE,4
1764,2021-09-01,SHELLHARBOUR,8
1765,2021-09-01,STRATHFIELD,17
1766,2021-09-01,SUTHERLAND SHIRE,19
1767,2021-09-01,SYDNEY,32
1768,2021-09-01,THE HILLS SHIRE,9
1769,2021-09-01,WAVERLEY,2
1770,2021-09-01,WILLOUGHBY,2
1771,2021-09-01,WINGECARRIBEE,1
1772,2021-09-01,WOLLONDILLY,3
1773,2021-09-01,WOLLONGONG,15
1774,2021-09-01,WOOLLAHRA,2
1775,2021-09-02,BATHURST REGIONAL,5
1776,2021-09-02,BAYSIDE,32
1777,2021-09-02,BLACKTOWN,122
1778,2021-09-02,BLUE MOUNTAINS,5
1779,2021-09-02,BOURKE,15
1780,2021-09-02,BURWOOD,7
1781,2021-09-02,CAMDEN,28
1782,2021-09-02,CAMPBELLTOWN,35
1783,2021-09-02,CANADA BAY,7
1784,2021-09-02,CANTERBURY-BANKSTOWN,243
1785,2021-09-02,CENTRAL COAST,9
1786,2021-09-02,CENTRAL DARLING,13
1787,2021-09-02,CORRECTIONAL SETTINGS,12
1788,2021-09-02,CUMBERLAND,244
1789,2021-09-02,DUBBO REGIONAL,29
1790,2021-09-02,FAIRFIELD,114
1791,2021-09-02,GEORGES RIVER,31
1792,2021-09-02,GILGANDRA,1
1793,2021-09-02,HAWKESBURY,11
1794,2021-09-02,HORNSBY,3
1795,2021-09-02,HUNTERS HILL,1
1796,2021-09-02,INNER WEST,25
1797,2021-09-02,LANE COVE,4
1798,2021-09-02,LIVERPOOL,117
1799,2021-09-02,MAITLAND,2
1800,2021-09-02,MOSMAN,1
1801,2021-09-02,NARROMINE,1
1802,2021-09-02,NORTH SYDNEY,4
1803,2021-09-02,NORTHERN BEACHES,7
1804,2021-09-02,ORANGE,2
1805,2021-09-02,PARRAMATTA,44
1806,2021-09-02,PENRITH,75
1807,2021-09-02,PORT STEPHENS,6
1808,2021-09-02,RANDWICK,16
1809,2021-09-02,RYDE,7
1810,2021-09-02,SHELLHARBOUR,1
1811,2021-09-02,SHOALHAVEN,2
1812,2021-09-02,STRATHFIELD,14
1813,2021-09-02,SUTHERLAND SHIRE,10
1814,2021-09-02,SYDNEY,31
1815,2021-09-02,THE HILLS SHIRE,13
1816,2021-09-02,UPPER HUNTER SHIRE,1
1817,2021-09-02,WAVERLEY,5
1818,2021-09-02,WENTWORTH,1
1819,2021-09-02,WOLLONDILLY,5
1820,2021-09-02,WOLLONGONG,7
1821,2021-09-02,WOOLLAHRA,2
1822,2021-09-03,BATHURST REGIONAL,3
1823,2021-09-03,BAYSIDE,29
1824,2021-09-03,BLACKTOWN,191
1825,2021-09-03,BLUE MOUNTAINS,3
1826,2021-09-03,BOURKE,4
1827,2021-09-03,BROKEN HILL,1
1828,2021-09-03,BURWOOD,3
1829,2021-09-03,CAMDEN,18
1830,2021-09-03,CAMPBELLTOWN,57
1831,2021-09-03,CANADA BAY,13
1832,2021-09-03,CANTERBURY-BANKSTOWN,294
1833,2021-09-03,CENTRAL COAST,13
1834,2021-09-03,CENTRAL DARLING,2
1835,2021-09-03,CORRECTIONAL SETTINGS,11
1836,2021-09-03,CUMBERLAND,252
1837,2021-09-03,DUBBO REGIONAL,23
1838,2021-09-03,FAIRFIELD,115
1839,2021-09-03,GEORGES RIVER,26
1840,2021-09-03,HAWKESBURY,17
1841,2021-09-03,HORNSBY,7
1842,2021-09-03,INNER WEST,23
1843,2021-09-03,LAKE MACQUARIE,1
1844,2021-09-03,LANE COVE,1
1845,2021-09-03,LITHGOW,1
1846,2021-09-03,LIVERPOOL,129
1847,2021-09-03,MAITLAND,1
1848,2021-09-03,NEWCASTLE,1
1849,2021-09-03,NORTH SYDNEY,2
1850,2021-09-03,NORTHERN BEACHES,15
1851,2021-09-03,ORANGE,1
1852,2021-09-03,PARRAMATTA,47
1853,2021-09-03,PENRITH,76
1854,2021-09-03,PORT MACQUARIE-HASTINGS,1
1855,2021-09-03,PORT STEPHENS,8
1856,2021-09-03,RANDWICK,18
1857,2021-09-03,RYDE,8
1858,2021-09-03,SHELLHARBOUR,3
1859,2021-09-03,SHOALHAVEN,2
1860,2021-09-03,STRATHFIELD,9
1861,2021-09-03,SUTHERLAND SHIRE,18
1862,2021-09-03,SYDNEY,49
1863,2021-09-03,THE HILLS SHIRE,14
1864,2021-09-03,WARREN,1
1865,2021-09-03,WAVERLEY,2
1866,2021-09-03,WOLLONGONG,13
1867,2021-09-03,WOOLLAHRA,3
1868,2021-09-04,BALRANALD,1
1869,2021-09-04,BAYSIDE,29
1870,2021-09-04,BLACKTOWN,149
1871,2021-09-04,BLAYNEY,2
1872,2021-09-04,BLUE MOUNTAINS,7
1873,2021-09-04,BOURKE,3
1874,2021-09-04,BROKEN HILL,1
1875,2021-09-04,BURWOOD,4
1876,2021-09-04,CABONNE,1
1877,2021-09-04,CAMDEN,14
1878,2021-09-04,CAMPBELLTOWN,45
1879,2021-09-04,CANADA BAY,11
1880,2021-09-04,CANTERBURY-BANKSTOWN,220
1881,2021-09-04,CENTRAL COAST,5
1882,2021-09-04,CENTRAL DARLING,1
1883,2021-09-04,CESSNOCK,1
1884,2021-09-04,CORRECTIONAL SETTINGS,10
1885,2021-09-04,CUMBERLAND,188
1886,2021-09-04,DUBBO REGIONAL,20
1887,2021-09-04,FAIRFIELD,62
1888,2021-09-04,GEORGES RIVER,22
1889,2021-09-04,HAWKESBURY,13
1890,2021-09-04,HORNSBY,3
1891,2021-09-04,INNER WEST,17
1892,2021-09-04,KU-RING-GAI,2
1893,2021-09-04,LAKE MACQUARIE,1
1894,2021-09-04,LIVERPOOL,124
1895,2021-09-04,MAITLAND,2
1896,2021-09-04,NARROMINE,1
1897,2021-09-04,NORTHERN BEACHES,6
1898,2021-09-04,ORANGE,2
1899,2021-09-04,PARRAMATTA,53
1900,2021-09-04,PENRITH,60
1901,2021-09-04,PORT STEPHENS,6
1902,2021-09-04,RANDWICK,13
1903,2021-09-04,RYDE,9
1904,2021-09-04,SHELLHARBOUR,5
1905,2021-09-04,SHOALHAVEN,3
1906,2021-09-04,STRATHFIELD,15
1907,2021-09-04,SUTHERLAND SHIRE,16
1908,2021-09-04,SYDNEY,42
1909,2021-09-04,THE HILLS SHIRE,7
1910,2021-09-04,UPPER HUNTER SHIRE,1
1911,2021-09-04,WAVERLEY,3
1912,2021-09-04,WINGECARRIBEE,1
1913,2021-09-04,WOLLONDILLY,3
1914,2021-09-04,WOLLONGONG,6
1915,2021-09-04,WOOLLAHRA,4
1916,2021-09-05,BAYSIDE,27
1917,2021-09-05,BLACKTOWN,112
1918,2021-09-05,BOURKE,10
1919,2021-09-05,BROKEN HILL,4
1920,2021-09-05,BURWOOD,3
1921,2021-09-05,CAMDEN,24
1922,2021-09-05,CAMPBELLTOWN,43
1923,2021-09-05,CANADA BAY,6
1924,2021-09-05,CANTERBURY-BANKSTOWN,276
1925,2021-09-05,CENTRAL COAST,9
1926,2021-09-05,CENTRAL DARLING,2
1927,2021-09-05,CORRECTIONAL SETTINGS,10
1928,2021-09-05,CUMBERLAND,184
1929,2021-09-05,DUBBO REGIONAL,24
1930,2021-09-05,EUROBODALLA,1
1931,2021-09-05,FAIRFIELD,69
1932,2021-09-05,GEORGES RIVER,21
1933,2021-09-05,GOULBURN MULWAREE,1
1934,2021-09-05,HAWKESBURY,8
1935,2021-09-05,HORNSBY,5
1936,2021-09-05,HUNTERS HILL,1
1937,2021-09-05,INNER WEST,13
1938,2021-09-05,KU-RING-GAI,2
1939,2021-09-05,LAKE MACQUARIE,3
1940,2021-09-05,LIVERPOOL,101
1941,2021-09-05,MAITLAND,2
1942,2021-09-05,NARROMINE,1
1943,2021-09-05,NEWCASTLE,1
1944,2021-09-05,NORTHERN BEACHES,1
1945,2021-09-05,ORANGE,2
1946,2021-09-05,PARRAMATTA,33
1947,2021-09-05,PENRITH,42
1948,2021-09-05,PORT STEPHENS,3
1949,2021-09-05,QUEANBEYAN-PALERANG REGIONAL,3
1950,2021-09-05,RANDWICK,29
1951,2021-09-05,RYDE,8
1952,2021-09-05,SHELLHARBOUR,3
1953,2021-09-05,SHOALHAVEN,5
1954,2021-09-05,SNOWY MONARO REGIONAL,1
1955,2021-09-05,STRATHFIELD,13
1956,2021-09-05,SUTHERLAND SHIRE,9
1957,2021-09-05,SYDNEY,47
1958,2021-09-05,THE HILLS SHIRE,9
1959,2021-09-05,WAVERLEY,3
1960,2021-09-05,WILLOUGHBY,1
1961,2021-09-05,WINGECARRIBEE,1
1962,2021-09-05,WOLLONDILLY,2
1963,2021-09-05,WOLLONGONG,7
1964,2021-09-05,WOOLLAHRA,3
1965,2021-09-06,BATHURST REGIONAL,1
1966,2021-09-06,BAYSIDE,26
1967,2021-09-06,BLACKTOWN,117
1968,2021-09-06,BLUE MOUNTAINS,2
1969,2021-09-06,BOURKE,1
1970,2021-09-06,BROKEN HILL,2
1971,2021-09-06,BURWOOD,3
1972,2021-09-06,CAMDEN,18
1973,2021-09-06,CAMPBELLTOWN,32
1974,2021-09-06,CANADA BAY,7
1975,2021-09-06,CANTERBURY-BANKSTOWN,266
1976,2021-09-06,CENTRAL COAST,21
1977,2021-09-06,CENTRAL DARLING,2
1978,2021-09-06,CORRECTIONAL SETTINGS,9
1979,2021-09-06,CUMBERLAND,214
1980,2021-09-06,DUBBO REGIONAL,23
1981,2021-09-06,FAIRFIELD,59
1982,2021-09-06,GEORGES RIVER,23
1983,2021-09-06,HAWKESBURY,12
1984,2021-09-06,HORNSBY,3
1985,2021-09-06,INNER WEST,18
1986,2021-09-06,KU-RING-GAI,3
1987,2021-09-06,LAKE MACQUARIE,2
1988,2021-09-06,LANE COVE,2
1989,2021-09-06,LIVERPOOL,105
1990,2021-09-06,MAITLAND,1
1991,2021-09-06,MID-COAST,1
1992,2021-09-06,MID-WESTERN REGIONAL,1
1993,2021-09-06,NARROMINE,3
1994,2021-09-06,NEWCASTLE,1
1995,2021-09-06,NORTH SYDNEY,1
1996,2021-09-06,NORTHERN BEACHES,7
1997,2021-09-06,ORANGE,1
1998,2021-09-06,PARRAMATTA,54
1999,2021-09-06,PENRITH,71
2000,2021-09-06,RANDWICK,17
2001,2021-09-06,RYDE,8
2002,2021-09-06,SHELLHARBOUR,3
2003,2021-09-06,STRATHFIELD,18
2004,2021-09-06,SUTHERLAND SHIRE,14
2005,2021-09-06,SYDNEY,55
2006,2021-09-06,THE HILLS SHIRE,10
2007,2021-09-06,WALGETT,2
2008,2021-09-06,WAVERLEY,6
2009,2021-09-06,WINGECARRIBEE,6
2010,2021-09-06,WOLLONDILLY,1
2011,2021-09-06,WOLLONGONG,24
2012,2021-09-06,WOOLLAHRA,2
2013,2021-09-07,BATHURST REGIONAL,2
2014,2021-09-07,BAYSIDE,30
2015,2021-09-07,BLACKTOWN,159
2016,2021-09-07,BLUE MOUNTAINS,6
2017,2021-09-07,BOURKE,6
2018,2021-09-07,BROKEN HILL,3
2019,2021-09-07,BURWOOD,7
2020,2021-09-07,CAMDEN,19
2021,2021-09-07,CAMPBELLTOWN,34
2022,2021-09-07,CANADA BAY,8
2023,2021-09-07,CANTERBURY-BANKSTOWN,268
2024,2021-09-07,CENTRAL COAST,20
2025,2021-09-07,CENTRAL DARLING,7
2026,2021-09-07,CORRECTIONAL SETTINGS,19
2027,2021-09-07,CUMBERLAND,206
2028,2021-09-07,DUBBO REGIONAL,14
2029,2021-09-07,EUROBODALLA,1
2030,2021-09-07,FAIRFIELD,91
2031,2021-09-07,GEORGES RIVER,26
2032,2021-09-07,HAWKESBURY,8
2033,2021-09-07,HORNSBY,2
2034,2021-09-07,HUNTERS HILL,3
2035,2021-09-07,INNER WEST,19
2036,2021-09-07,KU-RING-GAI,2
2037,2021-09-07,LAKE MACQUARIE,5
2038,2021-09-07,LIVERPOOL,142
2039,2021-09-07,NEWCASTLE,4
2040,2021-09-07,NORTH SYDNEY,3
2041,2021-09-07,NORTHERN BEACHES,8
2042,2021-09-07,PARRAMATTA,53
2043,2021-09-07,PENRITH,52
2044,2021-09-07,PORT STEPHENS,4
2045,2021-09-07,RANDWICK,18
2046,2021-09-07,RYDE,10
2047,2021-09-07,SHELLHARBOUR,6
2048,2021-09-07,SHOALHAVEN,3
2049,2021-09-07,STRATHFIELD,23
2050,2021-09-07,SUTHERLAND SHIRE,17
2051,2021-09-07,SYDNEY,58
2052,2021-09-07,THE HILLS SHIRE,20
2053,2021-09-07,WAVERLEY,2
2054,2021-09-07,WILLOUGHBY,1
2055,2021-09-07,WOLLONDILLY,3
2056,2021-09-07,WOLLONGONG,13
2057,2021-09-07,WOOLLAHRA,5
2058,2021-09-08,BATHURST REGIONAL,1
2059,2021-09-08,BAYSIDE,29
2060,2021-09-08,BLACKTOWN,128
2061,2021-09-08,BLUE MOUNTAINS,5
2062,2021-09-08,BROKEN HILL,1
2063,2021-09-08,BURWOOD,4
2064,2021-09-08,CAMDEN,20
2065,2021-09-08,CAMPBELLTOWN,35
2066,2021-09-08,CANADA BAY,9
2067,2021-09-08,CANTERBURY-BANKSTOWN,305
2068,2021-09-08,CENTRAL COAST,21
2069,2021-09-08,CENTRAL DARLING,2
2070,2021-09-08,CESSNOCK,3
2071,2021-09-08,CORRECTIONAL SETTINGS,18
2072,2021-09-08,CUMBERLAND,196
2073,2021-09-08,DUBBO REGIONAL,20
2074,2021-09-08,EUROBODALLA,1
2075,2021-09-08,FAIRFIELD,67
2076,2021-09-08,GEORGES RIVER,26
2077,2021-09-08,HAWKESBURY,18
2078,2021-09-08,HORNSBY,6
2079,2021-09-08,HUNTERS HILL,4
2080,2021-09-08,INNER WEST,21
2081,2021-09-08,KU-RING-GAI,4
2082,2021-09-08,LAKE MACQUARIE,3
2083,2021-09-08,LANE COVE,1
2084,2021-09-08,LIVERPOOL,146
2085,2021-09-08,MOSMAN,2
2086,2021-09-08,NARROMINE,2
2087,2021-09-08,NEWCASTLE,1
2088,2021-09-08,NORTH SYDNEY,2
2089,2021-09-08,NORTHERN BEACHES,7
2090,2021-09-08,ORANGE,2
2091,2021-09-08,PARRAMATTA,53
2092,2021-09-08,PENRITH,52
2093,2021-09-08,PORT STEPHENS,4
2094,2021-09-08,RANDWICK,32
2095,2021-09-08,RYDE,5
2096,2021-09-08,SHELLHARBOUR,15
2097,2021-09-08,SHOALHAVEN,1
2098,2021-09-08,STRATHFIELD,21
2099,2021-09-08,SUTHERLAND SHIRE,20
2100,2021-09-08,SYDNEY,77
2101,2021-09-08,THE HILLS SHIRE,12
2102,2021-09-08,WALGETT,5
2103,2021-09-08,WAVERLEY,5
2104,2021-09-08,WILLOUGHBY,2
2105,2021-09-08,WINGECARRIBEE,1
2106,2021-09-08,WOLLONDILLY,4
2107,2021-09-08,WOLLONGONG,14
2108,2021-09-08,WOOLLAHRA,3
2109,2021-09-09,BATHURST REGIONAL,1
2110,2021-09-09,BAYSIDE,34
2111,2021-09-09,BLACKTOWN,151
2112,2021-09-09,BLUE MOUNTAINS,7
2113,2021-09-09,BOURKE,3
2114,2021-09-09,BROKEN HILL,2
2115,2021-09-09,BURWOOD,2
2116,2021-09-09,CAMDEN,18
2117,2021-09-09,CAMPBELLTOWN,58
2118,2021-09-09,CANADA BAY,6
2119,2021-09-09,CANTERBURY-BANKSTOWN,248
2120,2021-09-09,CENTRAL COAST,32
2121,2021-09-09,CORRECTIONAL SETTINGS,41
2122,2021-09-09,CUMBERLAND,221
2123,2021-09-09,DUBBO REGIONAL,16
2124,2021-09-09,FAIRFIELD,110
2125,2021-09-09,GEORGES RIVER,26
2126,2021-09-09,HAWKESBURY,23
2127,2021-09-09,HORNSBY,3
2128,2021-09-09,HUNTERS HILL,4
2129,2021-09-09,INNER WEST,15
2130,2021-09-09,KU-RING-GAI,3
2131,2021-09-09,LAKE MACQUARIE,4
2132,2021-09-09,LITHGOW,1
2133,2021-09-09,LIVERPOOL,154
2134,2021-09-09,MID-WESTERN REGIONAL,6
2135,2021-09-09,NEWCASTLE,2
2136,2021-09-09,NORTH SYDNEY,3
2137,2021-09-09,NORTHERN BEACHES,6
2138,2021-09-09,PARRAMATTA,39
2139,2021-09-09,PENRITH,61
2140,2021-09-09,PORT STEPHENS,5
2141,2021-09-09,RANDWICK,37
2142,2021-09-09,RYDE,9
2143,2021-09-09,SHELLHARBOUR,8
2144,2021-09-09,SHOALHAVEN,2
2145,2021-09-09,SINGLETON,1
2146,2021-09-09,STRATHFIELD,25
2147,2021-09-09,SUTHERLAND SHIRE,18
2148,2021-09-09,SYDNEY,66
2149,2021-09-09,THE HILLS SHIRE,16
2150,2021-09-09,WAVERLEY,2
2151,2021-09-09,WOLLONDILLY,2
2152,2021-09-09,WOLLONGONG,28
2153,2021-09-09,WOOLLAHRA,5
2154,2021-09-10,BATHURST REGIONAL,1
2155,2021-09-10,BAYSIDE,31
2156,2021-09-10,BLACKTOWN,161
2157,2021-09-10,BLUE MOUNTAINS,4
2158,2021-09-10,BROKEN HILL,8
2159,2021-09-10,BURWOOD,3
2160,2021-09-10,CAMDEN,22
2161,2021-09-10,CAMPBELLTOWN,47
2162,2021-09-10,CANADA BAY,7
2163,2021-09-10,CANTERBURY-BANKSTOWN,276
2164,2021-09-10,CENTRAL COAST,23
2165,2021-09-10,CENTRAL DARLING,5
2166,2021-09-10,CORRECTIONAL SETTINGS,6
2167,2021-09-10,CUMBERLAND,176
2168,2021-09-10,DUBBO REGIONAL,11
2169,2021-09-10,FAIRFIELD,80
2170,2021-09-10,GEORGES RIVER,40
2171,2021-09-10,GOULBURN MULWAREE,1
2172,2021-09-10,HAWKESBURY,12
2173,2021-09-10,HORNSBY,13
2174,2021-09-10,HUNTERS HILL,5
2175,2021-09-10,INNER WEST,23
2176,2021-09-10,KU-RING-GAI,3
2177,2021-09-10,LAKE MACQUARIE,5
2178,2021-09-10,LANE COVE,2
2179,2021-09-10,LIVERPOOL,136
2180,2021-09-10,NEWCASTLE,5
2181,2021-09-10,NORTH SYDNEY,6
2182,2021-09-10,NORTHERN BEACHES,9
2183,2021-09-10,PARRAMATTA,57
2184,2021-09-10,PENRITH,70
2185,2021-09-10,QUEANBEYAN-PALERANG REGIONAL,1
2186,2021-09-10,RANDWICK,44
2187,2021-09-10,RYDE,6
2188,2021-09-10,SHELLHARBOUR,12
2189,2021-09-10,SINGLETON,1
2190,2021-09-10,STRATHFIELD,16
2191,2021-09-10,SUTHERLAND SHIRE,10
2192,2021-09-10,SYDNEY,78
2193,2021-09-10,THE HILLS SHIRE,13
2194,2021-09-10,WAVERLEY,3
2195,2021-09-10,WILLOUGHBY,2
2196,2021-09-10,WINGECARRIBEE,2
2197,2021-09-10,WOLLONDILLY,8
2198,2021-09-10,WOLLONGONG,12
2199,2021-09-10,WOOLLAHRA,10
2200,2021-09-11,BATHURST REGIONAL,2
2201,2021-09-11,BAYSIDE,38
2202,2021-09-11,BLACKTOWN,151
2203,2021-09-11,BLUE MOUNTAINS,3
2204,2021-09-11,BROKEN HILL,6
2205,2021-09-11,BURWOOD,8
2206,2021-09-11,CAMDEN,13
2207,2021-09-11,CAMPBELLTOWN,47
2208,2021-09-11,CANADA BAY,9
2209,2021-09-11,CANTERBURY-BANKSTOWN,194
2210,2021-09-11,CENTRAL COAST,30
2211,2021-09-11,CENTRAL DARLING,3
2212,2021-09-11,CORRECTIONAL SETTINGS,6
2213,2021-09-11,CUMBERLAND,147
2214,2021-09-11,DUBBO REGIONAL,7
2215,2021-09-11,FAIRFIELD,60
2216,2021-09-11,GEORGES RIVER,34
2217,2021-09-11,HAWKESBURY,17
2218,2021-09-11,HORNSBY,5
2219,2021-09-11,HUNTERS HILL,1
2220,2021-09-11,INNER WEST,22
2221,2021-09-11,KIAMA,2
2222,2021-09-11,KU-RING-GAI,4
2223,2021-09-11,LAKE MACQUARIE,3
2224,2021-09-11,LANE COVE,1
2225,2021-09-11,LIVERPOOL,129
2226,2021-09-11,MID-COAST,1
2227,2021-09-11,MOSMAN,1
2228,2021-09-11,NARROMINE,1
2229,2021-09-11,NEWCASTLE,3
2230,2021-09-11,NORTHERN BEACHES,4
2231,2021-09-11,ORANGE,1
2232,2021-09-11,PARRAMATTA,23
2233,2021-09-11,PENRITH,66
2234,2021-09-11,PORT STEPHENS,1
2235,2021-09-11,RANDWICK,51
2236,2021-09-11,RYDE,5
2237,2021-09-11,SHELLHARBOUR,17
2238,2021-09-11,SHOALHAVEN,1
2239,2021-09-11,STRATHFIELD,6
2240,2021-09-11,SUTHERLAND SHIRE,13
2241,2021-09-11,SYDNEY,58
2242,2021-09-11,THE HILLS SHIRE,10
2243,2021-09-11,WALGETT,4
2244,2021-09-11,WAVERLEY,8
2245,2021-09-11,WOLLONDILLY,4
2246,2021-09-11,WOLLONGONG,33
2247,2021-09-11,WOOLLAHRA,6
2248,2021-09-12,BATHURST REGIONAL,3
2249,2021-09-12,BAYSIDE,19
2250,2021-09-12,BLACKTOWN,118
2251,2021-09-12,BLUE MOUNTAINS,1
2252,2021-09-12,BOURKE,2
2253,2021-09-12,BROKEN HILL,1
2254,2021-09-12,BURWOOD,5
2255,2021-09-12,CAMDEN,21
2256,2021-09-12,CAMPBELLTOWN,47
2257,2021-09-12,CANADA BAY,13
2258,2021-09-12,CANTERBURY-BANKSTOWN,235
2259,2021-09-12,CENTRAL COAST,12
2260,2021-09-12,CENTRAL DARLING,2
2261,2021-09-12,CESSNOCK,2
2262,2021-09-12,CORRECTIONAL SETTINGS,4
2263,2021-09-12,CUMBERLAND,127
2264,2021-09-12,DUBBO REGIONAL,3
2265,2021-09-12,FAIRFIELD,63
2266,2021-09-12,GEORGES RIVER,24
2267,2021-09-12,HAWKESBURY,12
2268,2021-09-12,HORNSBY,5
2269,2021-09-12,INNER WEST,15
2270,2021-09-12,KIAMA,2
2271,2021-09-12,LAKE MACQUARIE,4
2272,2021-09-12,LITHGOW,1
2273,2021-09-12,LIVERPOOL,134
2274,2021-09-12,MAITLAND,2
2275,2021-09-12,NEWCASTLE,3
2276,2021-09-12,NORTH SYDNEY,3
2277,2021-09-12,NORTHERN BEACHES,3
2278,2021-09-12,ORANGE,2
2279,2021-09-12,PARRAMATTA,36
2280,2021-09-12,PENRITH,55
2281,2021-09-12,PORT STEPHENS,4
2282,2021-09-12,QUEANBEYAN-PALERANG REGIONAL,3
2283,2021-09-12,RANDWICK,41
2284,2021-09-12,RYDE,4
2285,2021-09-12,SHELLHARBOUR,9
2286,2021-09-12,SHOALHAVEN,2
2287,2021-09-12,SINGLETON,2
2288,2021-09-12,STRATHFIELD,7
2289,2021-09-12,SUTHERLAND SHIRE,19
2290,2021-09-12,SYDNEY,48
2291,2021-09-12,THE HILLS SHIRE,9
2292,2021-09-12,WAVERLEY,5
2293,2021-09-12,WILLOUGHBY,3
2294,2021-09-12,WINGECARRIBEE,3
2295,2021-09-12,WOLLONDILLY,6
2296,2021-09-12,WOLLONGONG,16
2297,2021-09-12,WOOLLAHRA,1
2298,2021-09-13,BATHURST REGIONAL,2
2299,2021-09-13,BAYSIDE,31
2300,2021-09-13,BLACKTOWN,154
2301,2021-09-13,BLUE MOUNTAINS,2
2302,2021-09-13,BROKEN HILL,3
2303,2021-09-13,BURWOOD,6
2304,2021-09-13,CAMDEN,18
2305,2021-09-13,CAMPBELLTOWN,41
2306,2021-09-13,CANADA BAY,9
2307,2021-09-13,CANTERBURY-BANKSTOWN,237
2308,2021-09-13,CENTRAL COAST,13
2309,2021-09-13,CENTRAL DARLING,2
2310,2021-09-13,CORRECTIONAL SETTINGS,7
2311,2021-09-13,CUMBERLAND,142
2312,2021-09-13,DUBBO REGIONAL,7
2313,2021-09-13,EUROBODALLA,1
2314,2021-09-13,FAIRFIELD,60
2315,2021-09-13,GEORGES RIVER,47
2316,2021-09-13,HAWKESBURY,15
2317,2021-09-13,HORNSBY,5
2318,2021-09-13,HUNTERS HILL,4
2319,2021-09-13,INNER WEST,5
2320,2021-09-13,KIAMA,2
2321,2021-09-13,LAKE MACQUARIE,8
2322,2021-09-13,LANE COVE,2
2323,2021-09-13,LITHGOW,1
2324,2021-09-13,LIVERPOOL,148
2325,2021-09-13,MAITLAND,2
2326,2021-09-13,NEWCASTLE,9
2327,2021-09-13,NORTH SYDNEY,1
2328,2021-09-13,NORTHERN BEACHES,5
2329,2021-09-13,PARRAMATTA,24
2330,2021-09-13,PENRITH,59
2331,2021-09-13,PORT STEPHENS,1
2332,2021-09-13,QUEANBEYAN-PALERANG REGIONAL,2
2333,2021-09-13,RANDWICK,50
2334,2021-09-13,RYDE,5
2335,2021-09-13,SHELLHARBOUR,9
2336,2021-09-13,SHOALHAVEN,1
2337,2021-09-13,STRATHFIELD,11
2338,2021-09-13,SUTHERLAND SHIRE,16
2339,2021-09-13,SYDNEY,42
2340,2021-09-13,THE HILLS SHIRE,8
2341,2021-09-13,WALGETT,2
2342,2021-09-13,WAVERLEY,3
2343,2021-09-13,WILLOUGHBY,1
2344,2021-09-13,WOLLONDILLY,2
2345,2021-09-13,WOLLONGONG,11
2346,2021-09-13,WOOLLAHRA,5
2347,2021-09-13,YASS VALLEY,3
2348,2021-09-14,ALBURY,1
2349,2021-09-14,BATHURST REGIONAL,1
2350,2021-09-14,BAYSIDE,24
2351,2021-09-14,BLACKTOWN,120
2352,2021-09-14,BLUE MOUNTAINS,1
2353,2021-09-14,BROKEN HILL,3
2354,2021-09-14,BURWOOD,3
2355,2021-09-14,CAMDEN,32
2356,2021-09-14,CAMPBELLTOWN,44
2357,2021-09-14,CANADA BAY,13
2358,2021-09-14,CANTERBURY-BANKSTOWN,232
2359,2021-09-14,CENTRAL COAST,15
2360,2021-09-14,CENTRAL DARLING,5
2361,2021-09-14,CESSNOCK,4
2362,2021-09-14,CORRECTIONAL SETTINGS,8
2363,2021-09-14,CUMBERLAND,110
2364,2021-09-14,DUBBO REGIONAL,2
2365,2021-09-14,EUROBODALLA,2
2366,2021-09-14,FAIRFIELD,49
2367,2021-09-14,GEORGES RIVER,30
2368,2021-09-14,GOULBURN MULWAREE,2
2369,2021-09-14,HAWKESBURY,8
2370,2021-09-14,HORNSBY,14
2371,2021-09-14,INNER WEST,15
2372,2021-09-14,KU-RING-GAI,2
2373,2021-09-14,LAKE MACQUARIE,6
2374,2021-09-14,LANE COVE,2
2375,2021-09-14,LIVERPOOL,105
2376,2021-09-14,MAITLAND,6
2377,2021-09-14,NEWCASTLE,6
2378,2021-09-14,NORTH SYDNEY,2
2379,2021-09-14,NORTHERN BEACHES,10
2380,2021-09-14,PARRAMATTA,42
2381,2021-09-14,PENRITH,52
2382,2021-09-14,PORT STEPHENS,2
2383,2021-09-14,QUEANBEYAN-PALERANG REGIONAL,1
2384,2021-09-14,RANDWICK,44
2385,2021-09-14,RYDE,8
2386,2021-09-14,SHELLHARBOUR,19
2387,2021-09-14,SHOALHAVEN,1
2388,2021-09-14,STRATHFIELD,9
2389,2021-09-14,SUTHERLAND SHIRE,18
2390,2021-09-14,SYDNEY,73
2391,2021-09-14,THE HILLS SHIRE,4
2392,2021-09-14,WARREN,1
2393,2021-09-14,WAVERLEY,7
2394,2021-09-14,WINGECARRIBEE,1
2395,2021-09-14,WOLLONDILLY,4
2396,2021-09-14,WOLLONGONG,30
2397,2021-09-14,WOOLLAHRA,5
2398,2021-09-15,BATHURST REGIONAL,6
2399,2021-09-15,BAYSIDE,37
2400,2021-09-15,BLACKTOWN,139
2401,2021-09-15,BLUE MOUNTAINS,8
2402,2021-09-15,BOURKE,1
2403,2021-09-15,BROKEN HILL,2
2404,2021-09-15,BURWOOD,5
2405,2021-09-15,CAMDEN,26
2406,2021-09-15,CAMPBELLTOWN,43
2407,2021-09-15,CANADA BAY,8
2408,2021-09-15,CANTERBURY-BANKSTOWN,223
2409,2021-09-15,CENTRAL COAST,18
2410,2021-09-15,CENTRAL DARLING,1
2411,2021-09-15,CESSNOCK,2
2412,2021-09-15,CORRECTIONAL SETTINGS,21
2413,2021-09-15,CUMBERLAND,155
2414,2021-09-15,DUBBO REGIONAL,13
2415,2021-09-15,FAIRFIELD,71
2416,2021-09-15,GEORGES RIVER,30
2417,2021-09-15,GLEN INNES SEVERN,1
2418,2021-09-15,GUNNEDAH,1
2419,2021-09-15,HAWKESBURY,20
2420,2021-09-15,HORNSBY,5
2421,2021-09-15,HUNTERS HILL,2
2422,2021-09-15,INNER WEST,17
2423,2021-09-15,KIAMA,2
2424,2021-09-15,KU-RING-GAI,3
2425,2021-09-15,LAKE MACQUARIE,3
2426,2021-09-15,LANE COVE,2
2427,2021-09-15,LISMORE,1
2428,2021-09-15,LIVERPOOL,149
2429,2021-09-15,MID-WESTERN REGIONAL,1
2430,2021-09-15,NEWCASTLE,2
2431,2021-09-15,NORTH SYDNEY,4
2432,2021-09-15,NORTHERN BEACHES,8
2433,2021-09-15,PARRAMATTA,42
2434,2021-09-15,PENRITH,42
2435,2021-09-15,PORT STEPHENS,2
2436,2021-09-15,QUEANBEYAN-PALERANG REGIONAL,1
2437,2021-09-15,RANDWICK,43
2438,2021-09-15,RYDE,9
2439,2021-09-15,SHELLHARBOUR,18
2440,2021-09-15,SHOALHAVEN,1
2441,2021-09-15,STRATHFIELD,9
2442,2021-09-15,SUTHERLAND SHIRE,25
2443,2021-09-15,SYDNEY,57
2444,2021-09-15,THE HILLS SHIRE,13
2445,2021-09-15,WALGETT,6
2446,2021-09-15,WAVERLEY,4
2447,2021-09-15,WILLOUGHBY,2
2448,2021-09-15,WINGECARRIBEE,1
2449,2021-09-15,WOLLONDILLY,4
2450,2021-09-15,WOLLONGONG,17
2451,2021-09-15,WOOLLAHRA,2
2452,2021-09-15,YASS VALLEY,1
2453,2021-09-16,BATHURST REGIONAL,1
2454,2021-09-16,BAYSIDE,29
2455,2021-09-16,BEGA VALLEY,1
2456,2021-09-16,BLACKTOWN,126
2457,2021-09-16,BLAYNEY,1
2458,2021-09-16,BLUE MOUNTAINS,8
2459,2021-09-16,BOURKE,1
2460,2021-09-16,BROKEN HILL,3
2461,2021-09-16,BURWOOD,2
2462,2021-09-16,CAMDEN,40
2463,2021-09-16,CAMPBELLTOWN,72
2464,2021-09-16,CANADA BAY,3
2465,2021-09-16,CANTERBURY-BANKSTOWN,201
2466,2021-09-16,CENTRAL COAST,25
2467,2021-09-16,CENTRAL DARLING,2
2468,2021-09-16,CORRECTIONAL SETTINGS,11
2469,2021-09-16,CUMBERLAND,130
2470,2021-09-16,DUBBO REGIONAL,14
2471,2021-09-16,EUROBODALLA,5
2472,2021-09-16,FAIRFIELD,49
2473,2021-09-16,GEORGES RIVER,22
2474,2021-09-16,GOULBURN MULWAREE,3
2475,2021-09-16,HAWKESBURY,16
2476,2021-09-16,HILLTOPS,1
2477,2021-09-16,HORNSBY,7
2478,2021-09-16,HUNTERS HILL,1
2479,2021-09-16,INNER WEST,26
2480,2021-09-16,KIAMA,2
2481,2021-09-16,LAKE MACQUARIE,11
2482,2021-09-16,LANE COVE,2
2483,2021-09-16,LIVERPOOL,124
2484,2021-09-16,MAITLAND,1
2485,2021-09-16,NEWCASTLE,10
2486,2021-09-16,NORTHERN BEACHES,11
2487,2021-09-16,ORANGE,1
2488,2021-09-16,PARRAMATTA,30
2489,2021-09-16,PENRITH,39
2490,2021-09-16,PORT STEPHENS,1
2491,2021-09-16,QUEANBEYAN-PALERANG REGIONAL,5
2492,2021-09-16,RANDWICK,47
2493,2021-09-16,RYDE,15
2494,2021-09-16,SHELLHARBOUR,14
2495,2021-09-16,SHOALHAVEN,8
2496,2021-09-16,SINGLETON,2
2497,2021-09-16,STRATHFIELD,10
2498,2021-09-16,SUTHERLAND SHIRE,13
2499,2021-09-16,SYDNEY,49
2500,2021-09-16,THE HILLS SHIRE,20
2501,2021-09-16,WALGETT,2
2502,2021-09-16,WAVERLEY,6
2503,2021-09-16,WILLOUGHBY,1
2504,2021-09-16,WINGECARRIBEE,2
2505,2021-09-16,WOLLONDILLY,8
2506,2021-09-16,WOLLONGONG,22
2507,2021-09-16,WOOLLAHRA,3
2508,2021-09-16,YASS VALLEY,5
2509,2021-09-17,ALBURY,2
2510,2021-09-17,BATHURST REGIONAL,1
2511,2021-09-17,BAYSIDE,43
2512,2021-09-17,BLACKTOWN,132
2513,2021-09-17,BLUE MOUNTAINS,2
2514,2021-09-17,BOURKE,2
2515,2021-09-17,BROKEN HILL,2
2516,2021-09-17,BURWOOD,5
2517,2021-09-17,CAMDEN,28
2518,2021-09-17,CAMPBELLTOWN,38
2519,2021-09-17,CANADA BAY,8
2520,2021-09-17,CANTERBURY-BANKSTOWN,203
2521,2021-09-17,CENTRAL COAST,28
2522,2021-09-17,CENTRAL DARLING,4
2523,2021-09-17,CESSNOCK,2
2524,2021-09-17,CORRECTIONAL SETTINGS,7
2525,2021-09-17,CUMBERLAND,130
2526,2021-09-17,DUBBO REGIONAL,7
2527,2021-09-17,EUROBODALLA,6
2528,2021-09-17,FAIRFIELD,59
2529,2021-09-17,GEORGES RIVER,25
2530,2021-09-17,HAWKESBURY,4
2531,2021-09-17,HILLTOPS,3
2532,2021-09-17,HORNSBY,9
2533,2021-09-17,HUNTERS HILL,3
2534,2021-09-17,INNER WEST,23
2535,2021-09-17,KIAMA,1
2536,2021-09-17,KU-RING-GAI,1
2537,2021-09-17,LAKE MACQUARIE,15
2538,2021-09-17,LANE COVE,1
2539,2021-09-17,LISMORE,1
2540,2021-09-17,LITHGOW,1
2541,2021-09-17,LIVERPOOL,130
2542,2021-09-17,MAITLAND,5
2543,2021-09-17,MID-WESTERN REGIONAL,1
2544,2021-09-17,MOSMAN,3
2545,2021-09-17,NEWCASTLE,7
2546,2021-09-17,NORTHERN BEACHES,10
2547,2021-09-17,PARRAMATTA,40
2548,2021-09-17,PENRITH,41
2549,2021-09-17,PORT STEPHENS,1
2550,2021-09-17,QUEANBEYAN-PALERANG REGIONAL,2
2551,2021-09-17,RANDWICK,51
2552,2021-09-17,RYDE,8
2553,2021-09-17,SHELLHARBOUR,8
2554,2021-09-17,SHOALHAVEN,3
2555,2021-09-17,STRATHFIELD,6
2556,2021-09-17,SUTHERLAND SHIRE,15
2557,2021-09-17,SYDNEY,73
2558,2021-09-17,THE HILLS SHIRE,12
2559,2021-09-17,WALGETT,4
2560,2021-09-17,WARREN,2
2561,2021-09-17,WAVERLEY,8
2562,2021-09-17,WILLOUGHBY,1
2563,2021-09-17,WINGECARRIBEE,2
2564,2021-09-17,WOLLONDILLY,8
2565,2021-09-17,WOLLONGONG,53
2566,2021-09-17,WOOLLAHRA,2
2567,2021-09-17,YASS VALLEY,1
2568,2021-09-18,BAYSIDE,37
2569,2021-09-18,BLACKTOWN,110
2570,2021-09-18,BLUE MOUNTAINS,4
2571,2021-09-18,BROKEN HILL,6
2572,2021-09-18,BURWOOD,8
2573,2021-09-18,CAMDEN,23
2574,2021-09-18,CAMPBELLTOWN,41
2575,2021-09-18,CANADA BAY,7
2576,2021-09-18,CANTERBURY-BANKSTOWN,159
2577,2021-09-18,CENTRAL COAST,21
2578,2021-09-18,CENTRAL DARLING,2
2579,2021-09-18,COFFS HARBOUR,1
2580,2021-09-18,CORRECTIONAL SETTINGS,8
2581,2021-09-18,COWRA,1
2582,2021-09-18,CUMBERLAND,138
2583,2021-09-18,DUBBO REGIONAL,7
2584,2021-09-18,EUROBODALLA,1
2585,2021-09-18,FAIRFIELD,59
2586,2021-09-18,GEORGES RIVER,32
2587,2021-09-18,GOULBURN MULWAREE,2
2588,2021-09-18,HAWKESBURY,10
2589,2021-09-18,HILLTOPS,1
2590,2021-09-18,HORNSBY,6
2591,2021-09-18,HUNTERS HILL,2
2592,2021-09-18,INNER WEST,12
2593,2021-09-18,KEMPSEY,2
2594,2021-09-18,KIAMA,1
2595,2021-09-18,KU-RING-GAI,2
2596,2021-09-18,LAKE MACQUARIE,5
2597,2021-09-18,LANE COVE,1
2598,2021-09-18,LIVERPOOL,81
2599,2021-09-18,MAITLAND,1
2600,2021-09-18,MOSMAN,1
2601,2021-09-18,NAMBUCCA,1
2602,2021-09-18,NEWCASTLE,12
2603,2021-09-18,NORTHERN BEACHES,7
2604,2021-09-18,PARRAMATTA,29
2605,2021-09-18,PENRITH,26
2606,2021-09-18,RANDWICK,35
2607,2021-09-18,RYDE,3
2608,2021-09-18,SHELLHARBOUR,12
2609,2021-09-18,SHOALHAVEN,9
2610,2021-09-18,STRATHFIELD,6
2611,2021-09-18,SUTHERLAND SHIRE,21
2612,2021-09-18,SYDNEY,53
2613,2021-09-18,TAMWORTH REGIONAL,1
2614,2021-09-18,THE HILLS SHIRE,12
2615,2021-09-18,WAVERLEY,3
2616,2021-09-18,WILLOUGHBY,1
2617,2021-09-18,WINGECARRIBEE,1
2618,2021-09-18,WOLLONDILLY,6
2619,2021-09-18,WOLLONGONG,43
2620,2021-09-18,WOOLLAHRA,5
2621,2021-09-18,YASS VALLEY,2
2622,2021-09-19,ALBURY,1
2623,2021-09-19,BAYSIDE,32
2624,2021-09-19,BLACKTOWN,106
2625,2021-09-19,BLUE MOUNTAINS,1
2626,2021-09-19,BROKEN HILL,2
2627,2021-09-19,BURWOOD,4
2628,2021-09-19,CAMDEN,18
2629,2021-09-19,CAMPBELLTOWN,29
2630,2021-09-19,CANADA BAY,6
2631,2021-09-19,CANTERBURY-BANKSTOWN,136
2632,2021-09-19,CENTRAL COAST,22
2633,2021-09-19,CENTRAL DARLING,1
2634,2021-09-19,CORRECTIONAL SETTINGS,10
2635,2021-09-19,CUMBERLAND,76
2636,2021-09-19,DUBBO REGIONAL,9
2637,2021-09-19,FAIRFIELD,52
2638,2021-09-19,GEORGES RIVER,14
2639,2021-09-19,GOULBURN MULWAREE,4
2640,2021-09-19,HAWKESBURY,14
2641,2021-09-19,HILLTOPS,2
2642,2021-09-19,HORNSBY,8
2643,2021-09-19,HUNTERS HILL,2
2644,2021-09-19,INNER WEST,11
2645,2021-09-19,LAKE MACQUARIE,7
2646,2021-09-19,LANE COVE,1
2647,2021-09-19,LIVERPOOL,73
2648,2021-09-19,MAITLAND,3
2649,2021-09-19,MOSMAN,2
2650,2021-09-19,MUSWELLBROOK,1
2651,2021-09-19,NEWCASTLE,8
2652,2021-09-19,NORTHERN BEACHES,16
2653,2021-09-19,PARRAMATTA,23
2654,2021-09-19,PENRITH,36
2655,2021-09-19,PORT STEPHENS,2
2656,2021-09-19,QUEANBEYAN-PALERANG REGIONAL,1
2657,2021-09-19,RANDWICK,29
2658,2021-09-19,RYDE,11
2659,2021-09-19,SHELLHARBOUR,17
2660,2021-09-19,SHOALHAVEN,3
2661,2021-09-19,STRATHFIELD,9
2662,2021-09-19,SUTHERLAND SHIRE,10
2663,2021-09-19,SYDNEY,42
2664,2021-09-19,THE HILLS SHIRE,12
2665,2021-09-19,WALGETT,3
2666,2021-09-19,WAVERLEY,5
2667,2021-09-19,WINGECARRIBEE,1
2668,2021-09-19,WOLLONGONG,38
2669,2021-09-19,WOOLLAHRA,1
2670,2021-09-19,YASS VALLEY,2
2671,2021-09-20,BAYSIDE,13
2672,2021-09-20,BLACKTOWN,111
2673,2021-09-20,BLUE MOUNTAINS,1
2674,2021-09-20,BROKEN HILL,2
2675,2021-09-20,BURWOOD,1
2676,2021-09-20,CAMDEN,22
2677,2021-09-20,CAMPBELLTOWN,40
2678,2021-09-20,CANADA BAY,3
2679,2021-09-20,CANTERBURY-BANKSTOWN,172
2680,2021-09-20,CENTRAL COAST,20
2681,2021-09-20,CENTRAL DARLING,4
2682,2021-09-20,CESSNOCK,2
2683,2021-09-20,CORRECTIONAL SETTINGS,10
2684,2021-09-20,COWRA,1
2685,2021-09-20,CUMBERLAND,106
2686,2021-09-20,DUBBO REGIONAL,6
2687,2021-09-20,FAIRFIELD,52
2688,2021-09-20,GEORGES RIVER,23
2689,2021-09-20,GLEN INNES SEVERN,1
2690,2021-09-20,GOULBURN MULWAREE,1
2691,2021-09-20,HAWKESBURY,12
2692,2021-09-20,HILLTOPS,5
2693,2021-09-20,HORNSBY,4
2694,2021-09-20,HUNTERS HILL,1
2695,2021-09-20,INNER WEST,9
2696,2021-09-20,KIAMA,3
2697,2021-09-20,KU-RING-GAI,4
2698,2021-09-20,LAKE MACQUARIE,14
2699,2021-09-20,LANE COVE,4
2700,2021-09-20,LITHGOW,1
2701,2021-09-20,LIVERPOOL,105
2702,2021-09-20,MAITLAND,2
2703,2021-09-20,MID-WESTERN REGIONAL,1
2704,2021-09-20,MURRAY RIVER,1
2705,2021-09-20,NEWCASTLE,16
2706,2021-09-20,NORTH SYDNEY,1
2707,2021-09-20,NORTHERN BEACHES,23
2708,2021-09-20,PARRAMATTA,10
2709,2021-09-20,PENRITH,43
2710,2021-09-20,QUEANBEYAN-PALERANG REGIONAL,3
2711,2021-09-20,RANDWICK,31
2712,2021-09-20,RYDE,12
2713,2021-09-20,SHELLHARBOUR,18
2714,2021-09-20,SHOALHAVEN,10
2715,2021-09-20,STRATHFIELD,7
2716,2021-09-20,SUTHERLAND SHIRE,16
2717,2021-09-20,SYDNEY,53
2718,2021-09-20,THE HILLS SHIRE,11
2719,2021-09-20,WALCHA,1
2720,2021-09-20,WAVERLEY,5
2721,2021-09-20,WILLOUGHBY,1
2722,2021-09-20,WOLLONDILLY,6
2723,2021-09-20,WOLLONGONG,15
2724,2021-09-20,WOOLLAHRA,4
2725,2021-09-20,YASS VALLEY,4
2726,2021-09-21,BATHURST REGIONAL,1
2727,2021-09-21,BAYSIDE,31
2728,2021-09-21,BLACKTOWN,95
2729,2021-09-21,BLUE MOUNTAINS,2
2730,2021-09-21,BOURKE,1
2731,2021-09-21,BROKEN HILL,6
2732,2021-09-21,BURWOOD,2
2733,2021-09-21,CAMDEN,21
2734,2021-09-21,CAMPBELLTOWN,53
2735,2021-09-21,CANADA BAY,7
2736,2021-09-21,CANTERBURY-BANKSTOWN,180
2737,2021-09-21,CENTRAL COAST,36
2738,2021-09-21,CESSNOCK,1
2739,2021-09-21,COFFS HARBOUR,1
2740,2021-09-21,CORRECTIONAL SETTINGS,6
2741,2021-09-21,CUMBERLAND,87
2742,2021-09-21,DUBBO REGIONAL,6
2743,2021-09-21,EUROBODALLA,1
2744,2021-09-21,FAIRFIELD,68
2745,2021-09-21,GEORGES RIVER,14
2746,2021-09-21,GOULBURN MULWAREE,1
2747,2021-09-21,HAWKESBURY,6
2748,2021-09-21,HORNSBY,6
2749,2021-09-21,HUNTERS HILL,2
2750,2021-09-21,INNER WEST,20
2751,2021-09-21,KIAMA,3
2752,2021-09-21,KU-RING-GAI,7
2753,2021-09-21,LAKE MACQUARIE,15
2754,2021-09-21,LANE COVE,2
2755,2021-09-21,LISMORE,1
2756,2021-09-21,LIVERPOOL,118
2757,2021-09-21,MAITLAND,4
2758,2021-09-21,MID-COAST,1
2759,2021-09-21,NEWCASTLE,10
2760,2021-09-21,NORTHERN BEACHES,10
2761,2021-09-21,PARRAMATTA,29
2762,2021-09-21,PENRITH,51
2763,2021-09-21,PORT STEPHENS,1
2764,2021-09-21,QUEANBEYAN-PALERANG REGIONAL,2
2765,2021-09-21,RANDWICK,32
2766,2021-09-21,RYDE,9
2767,2021-09-21,SHELLHARBOUR,9
2768,2021-09-21,SHOALHAVEN,3
2769,2021-09-21,STRATHFIELD,9
2770,2021-09-21,SUTHERLAND SHIRE,28
2771,2021-09-21,SYDNEY,51
2772,2021-09-21,THE HILLS SHIRE,12
2773,2021-09-21,WAVERLEY,5
2774,2021-09-21,WILLOUGHBY,2
2775,2021-09-21,WINGECARRIBEE,3
2776,2021-09-21,WOLLONDILLY,3
2777,2021-09-21,WOLLONGONG,51
2778,2021-09-21,WOOLLAHRA,3
2779,2021-09-21,YASS VALLEY,1
2780,2021-09-22,BAYSIDE,35
2781,2021-09-22,BLACKTOWN,98
2782,2021-09-22,BLUE MOUNTAINS,3
2783,2021-09-22,BOURKE,4
2784,2021-09-22,BROKEN HILL,4
2785,2021-09-22,BURWOOD,2
2786,2021-09-22,CAMDEN,12
2787,2021-09-22,CAMPBELLTOWN,42
2788,2021-09-22,CANADA BAY,4
2789,2021-09-22,CANTERBURY-BANKSTOWN,126
2790,2021-09-22,CENTRAL COAST,39
2791,2021-09-22,CENTRAL DARLING,2
2792,2021-09-22,CESSNOCK,3
2793,2021-09-22,COFFS HARBOUR,2
2794,2021-09-22,CORRECTIONAL SETTINGS,7
2795,2021-09-22,COWRA,7
2796,2021-09-22,CUMBERLAND,87
2797,2021-09-22,DUBBO REGIONAL,4
2798,2021-09-22,FAIRFIELD,53
2799,2021-09-22,GEORGES RIVER,25
2800,2021-09-22,GOULBURN MULWAREE,2
2801,2021-09-22,HAWKESBURY,9
2802,2021-09-22,HILLTOPS,2
2803,2021-09-22,HORNSBY,5
2804,2021-09-22,HUNTERS HILL,3
2805,2021-09-22,INNER WEST,9
2806,2021-09-22,KIAMA,4
2807,2021-09-22,KU-RING-GAI,12
2808,2021-09-22,LAKE MACQUARIE,22
2809,2021-09-22,LANE COVE,2
2810,2021-09-22,LITHGOW,3
2811,2021-09-22,LIVERPOOL,106
2812,2021-09-22,MAITLAND,1
2813,2021-09-22,MID-WESTERN REGIONAL,1
2814,2021-09-22,MUSWELLBROOK,3
2815,2021-09-22,NEWCASTLE,12
2816,2021-09-22,NORTH SYDNEY,1
2817,2021-09-22,NORTHERN BEACHES,14
2818,2021-09-22,PARRAMATTA,31
2819,2021-09-22,PENRITH,46
2820,2021-09-22,RANDWICK,23
2821,2021-09-22,RYDE,7
2822,2021-09-22,SHELLHARBOUR,13
2823,2021-09-22,SHOALHAVEN,4
2824,2021-09-22,SINGLETON,1
2825,2021-09-22,STRATHFIELD,5
2826,2021-09-22,SUTHERLAND SHIRE,25
2827,2021-09-22,SYDNEY,60
2828,2021-09-22,THE HILLS SHIRE,10
2829,2021-09-22,WAVERLEY,4
2830,2021-09-22,WILLOUGHBY,1
2831,2021-09-22,WINGECARRIBEE,1
2832,2021-09-22,WOLLONDILLY,5
2833,2021-09-22,WOLLONGONG,44
2834,2021-09-22,WOOLLAHRA,5
2835,2021-09-23,ALBURY,2
2836,2021-09-23,BAYSIDE,28
2837,2021-09-23,BLACKTOWN,108
2838,2021-09-23,BLUE MOUNTAINS,6
2839,2021-09-23,BOURKE,10
2840,2021-09-23,BROKEN HILL,11
2841,2021-09-23,BURWOOD,9
2842,2021-09-23,CAMDEN,17
2843,2021-09-23,CAMPBELLTOWN,33
2844,2021-09-23,CANADA BAY,4
2845,2021-09-23,CANTERBURY-BANKSTOWN,116
2846,2021-09-23,CENTRAL COAST,32
2847,2021-09-23,CENTRAL DARLING,2
2848,2021-09-23,CESSNOCK,7
2849,2021-09-23,COFFS HARBOUR,1
2850,2021-09-23,CORRECTIONAL SETTINGS,6
2851,2021-09-23,COWRA,7
2852,2021-09-23,CUMBERLAND,68
2853,2021-09-23,DUBBO REGIONAL,15
2854,2021-09-23,FAIRFIELD,43
2855,2021-09-23,GEORGES RIVER,16
2856,2021-09-23,GOULBURN MULWAREE,2
2857,2021-09-23,HAWKESBURY,14
2858,2021-09-23,HILLTOPS,3
2859,2021-09-23,HORNSBY,4
2860,2021-09-23,HUNTERS HILL,2
2861,2021-09-23,INNER WEST,21
2862,2021-09-23,KIAMA,1
2863,2021-09-23,KU-RING-GAI,2
2864,2021-09-23,LAKE MACQUARIE,14
2865,2021-09-23,LANE COVE,6
2866,2021-09-23,LIVERPOOL,63
2867,2021-09-23,MAITLAND,4
2868,2021-09-23,MID-COAST,1
2869,2021-09-23,MID-WESTERN REGIONAL,1
2870,2021-09-23,MOSMAN,1
2871,2021-09-23,NARROMINE,1
2872,2021-09-23,NEWCASTLE,12
2873,2021-09-23,NORTHERN BEACHES,13
2874,2021-09-23,PARRAMATTA,23
2875,2021-09-23,PENRITH,45
2876,2021-09-23,PORT STEPHENS,2
2877,2021-09-23,RANDWICK,28
2878,2021-09-23,RYDE,5
2879,2021-09-23,SHELLHARBOUR,16
2880,2021-09-23,SHOALHAVEN,7
2881,2021-09-23,STRATHFIELD,7
2882,2021-09-23,SUTHERLAND SHIRE,13
2883,2021-09-23,SYDNEY,40
2884,2021-09-23,THE HILLS SHIRE,9
2885,2021-09-23,WAVERLEY,1
2886,2021-09-23,WILLOUGHBY,1
2887,2021-09-23,WINGECARRIBEE,2
2888,2021-09-23,WOLLONDILLY,6
2889,2021-09-23,WOLLONGONG,85
2890,2021-09-23,WOOLLAHRA,6
2891,2021-09-24,ALBURY,1
2892,2021-09-24,BAYSIDE,18
2893,2021-09-24,BLACKTOWN,91
2894,2021-09-24,BLUE MOUNTAINS,8
2895,2021-09-24,BOURKE,3
2896,2021-09-24,BROKEN HILL,4
2897,2021-09-24,BURWOOD,6
2898,2021-09-24,CAMDEN,26
2899,2021-09-24,CAMPBELLTOWN,44
2900,2021-09-24,CANADA BAY,5
2901,2021-09-24,CANTERBURY-BANKSTOWN,133
2902,2021-09-24,CENTRAL COAST,30
2903,2021-09-24,CESSNOCK,3
2904,2021-09-24,CORRECTIONAL SETTINGS,6
2905,2021-09-24,COWRA,3
2906,2021-09-24,CUMBERLAND,87
2907,2021-09-24,DUBBO REGIONAL,3
2908,2021-09-24,FAIRFIELD,68
2909,2021-09-24,GEORGES RIVER,17
2910,2021-09-24,GILGANDRA,2
2911,2021-09-24,GOULBURN MULWAREE,8
2912,2021-09-24,HAWKESBURY,6
2913,2021-09-24,HILLTOPS,1
2914,2021-09-24,HORNSBY,9
2915,2021-09-24,HUNTERS HILL,3
2916,2021-09-24,INNER WEST,12
2917,2021-09-24,KEMPSEY,1
2918,2021-09-24,KU-RING-GAI,6
2919,2021-09-24,LAKE MACQUARIE,8
2920,2021-09-24,LANE COVE,2
2921,2021-09-24,LITHGOW,8
2922,2021-09-24,LIVERPOOL,93
2923,2021-09-24,MAITLAND,4
2924,2021-09-24,NEWCASTLE,6
2925,2021-09-24,NORTH SYDNEY,4
2926,2021-09-24,NORTHERN BEACHES,22
2927,2021-09-24,ORANGE,1
2928,2021-09-24,PARRAMATTA,25
2929,2021-09-24,PENRITH,56
2930,2021-09-24,PORT STEPHENS,1
2931,2021-09-24,RANDWICK,22
2932,2021-09-24,RYDE,8
2933,2021-09-24,SHELLHARBOUR,12
2934,2021-09-24,SHOALHAVEN,9
2935,2021-09-24,SINGLETON,2
2936,2021-09-24,STRATHFIELD,9
2937,2021-09-24,SUTHERLAND SHIRE,7
2938,2021-09-24,SYDNEY,46
2939,2021-09-24,THE HILLS SHIRE,15
2940,2021-09-24,WARREN,1
2941,2021-09-24,WARRUMBUNGLE SHIRE,3
2942,2021-09-24,WAVERLEY,3
2943,2021-09-24,WILLOUGHBY,2
2944,2021-09-24,WINGECARRIBEE,4
2945,2021-09-24,WOLLONDILLY,13
2946,2021-09-24,WOLLONGONG,50
2947,2021-09-24,WOOLLAHRA,2
2948,2021-09-25,BAYSIDE,35
2949,2021-09-25,BLACKTOWN,93
2950,2021-09-25,BLUE MOUNTAINS,2
2951,2021-09-25,BOURKE,4
2952,2021-09-25,BROKEN HILL,5
2953,2021-09-25,BURWOOD,2
2954,2021-09-25,CAMDEN,7
2955,2021-09-25,CAMPBELLTOWN,40
2956,2021-09-25,CANADA BAY,7
2957,2021-09-25,CANTERBURY-BANKSTOWN,96
2958,2021-09-25,CENTRAL COAST,33
2959,2021-09-25,CENTRAL DARLING,2
2960,2021-09-25,CESSNOCK,4
2961,2021-09-25,CORRECTIONAL SETTINGS,1
2962,2021-09-25,COWRA,4
2963,2021-09-25,CUMBERLAND,82
2964,2021-09-25,DUBBO REGIONAL,17
2965,2021-09-25,EUROBODALLA,6
2966,2021-09-25,FAIRFIELD,61
2967,2021-09-25,GEORGES RIVER,17
2968,2021-09-25,GOULBURN MULWAREE,3
2969,2021-09-25,HAWKESBURY,7
2970,2021-09-25,HORNSBY,5
2971,2021-09-25,HUNTERS HILL,3
2972,2021-09-25,INNER WEST,11
2973,2021-09-25,KIAMA,1
2974,2021-09-25,KU-RING-GAI,3
2975,2021-09-25,LAKE MACQUARIE,21
2976,2021-09-25,LANE COVE,3
2977,2021-09-25,LIVERPOOL,59
2978,2021-09-25,MAITLAND,3
2979,2021-09-25,MID-COAST,1
2980,2021-09-25,MUSWELLBROOK,1
2981,2021-09-25,NARROMINE,1
2982,2021-09-25,NEWCASTLE,20
2983,2021-09-25,NORTH SYDNEY,2
2984,2021-09-25,NORTHERN BEACHES,9
2985,2021-09-25,PARRAMATTA,15
2986,2021-09-25,PENRITH,52
2987,2021-09-25,PORT MACQUARIE-HASTINGS,2
2988,2021-09-25,PORT STEPHENS,1
2989,2021-09-25,QUEANBEYAN-PALERANG REGIONAL,1
2990,2021-09-25,RANDWICK,20
2991,2021-09-25,RYDE,6
2992,2021-09-25,SHELLHARBOUR,7
2993,2021-09-25,SHOALHAVEN,4
2994,2021-09-25,SNOWY VALLEYS,1
2995,2021-09-25,STRATHFIELD,10
2996,2021-09-25,SUTHERLAND SHIRE,10
2997,2021-09-25,SYDNEY,42
2998,2021-09-25,THE HILLS SHIRE,15
2999,2021-09-25,WAVERLEY,3
3000,2021-09-25,WILLOUGHBY,2
3001,2021-09-25,WINGECARRIBEE,2
3002,2021-09-25,WOLLONDILLY,3
3003,2021-09-25,WOLLONGONG,51
3004,2021-09-25,WOOLLAHRA,1
3005,2021-09-26,BATHURST REGIONAL,1
3006,2021-09-26,BAYSIDE,19
3007,2021-09-26,BEGA VALLEY,1
3008,2021-09-26,BLACKTOWN,65
3009,2021-09-26,BLAYNEY,2
3010,2021-09-26,BLUE MOUNTAINS,1
3011,2021-09-26,BROKEN HILL,3
3012,2021-09-26,BURWOOD,3
3013,2021-09-26,CABONNE,1
3014,2021-09-26,CAMDEN,7
3015,2021-09-26,CAMPBELLTOWN,43
3016,2021-09-26,CANADA BAY,5
3017,2021-09-26,CANTERBURY-BANKSTOWN,106
3018,2021-09-26,CENTRAL COAST,28
3019,2021-09-26,CENTRAL DARLING,3
3020,2021-09-26,CESSNOCK,6
3021,2021-09-26,CORRECTIONAL SETTINGS,4
3022,2021-09-26,COWRA,4
3023,2021-09-26,CUMBERLAND,68
3024,2021-09-26,DUBBO REGIONAL,16
3025,2021-09-26,EUROBODALLA,1
3026,2021-09-26,FAIRFIELD,57
3027,2021-09-26,GEORGES RIVER,15
3028,2021-09-26,GOULBURN MULWAREE,1
3029,2021-09-26,HAWKESBURY,9
3030,2021-09-26,HORNSBY,3
3031,2021-09-26,HUNTERS HILL,1
3032,2021-09-26,INNER WEST,4
3033,2021-09-26,KEMPSEY,1
3034,2021-09-26,KU-RING-GAI,3
3035,2021-09-26,LAKE MACQUARIE,24
3036,2021-09-26,LANE COVE,1
3037,2021-09-26,LIVERPOOL,67
3038,2021-09-26,MAITLAND,7
3039,2021-09-26,NEWCASTLE,14
3040,2021-09-26,NORTHERN BEACHES,4
3041,2021-09-26,ORANGE,1
3042,2021-09-26,PARRAMATTA,16
3043,2021-09-26,PENRITH,33
3044,2021-09-26,PORT STEPHENS,3
3045,2021-09-26,QUEANBEYAN-PALERANG REGIONAL,7
3046,2021-09-26,RANDWICK,14
3047,2021-09-26,RYDE,5
3048,2021-09-26,SHELLHARBOUR,12
3049,2021-09-26,SHOALHAVEN,8
3050,2021-09-26,STRATHFIELD,8
3051,2021-09-26,SUTHERLAND SHIRE,11
3052,2021-09-26,SYDNEY,32
3053,2021-09-26,THE HILLS SHIRE,5
3054,2021-09-26,WAVERLEY,9
3055,2021-09-26,WINGECARRIBEE,3
3056,2021-09-26,WOLLONDILLY,7
3057,2021-09-26,WOLLONGONG,35
3058,2021-09-26,WOOLLAHRA,2
3059,2021-09-27,BAYSIDE,23
3060,2021-09-27,BLACKTOWN,61
3061,2021-09-27,BLUE MOUNTAINS,1
3062,2021-09-27,BOURKE,1
3063,2021-09-27,BROKEN HILL,1
3064,2021-09-27,BURWOOD,1
3065,2021-09-27,CAMDEN,8
3066,2021-09-27,CAMPBELLTOWN,48
3067,2021-09-27,CANTERBURY-BANKSTOWN,104
3068,2021-09-27,CENTRAL COAST,27
3069,2021-09-27,CENTRAL DARLING,1
3070,2021-09-27,CESSNOCK,2
3071,2021-09-27,COFFS HARBOUR,1
3072,2021-09-27,CORRECTIONAL SETTINGS,4
3073,2021-09-27,COWRA,1
3074,2021-09-27,CUMBERLAND,73
3075,2021-09-27,DUBBO REGIONAL,14
3076,2021-09-27,EUROBODALLA,1
3077,2021-09-27,FAIRFIELD,36
3078,2021-09-27,GEORGES RIVER,14
3079,2021-09-27,GOULBURN MULWAREE,4
3080,2021-09-27,HAWKESBURY,2
3081,2021-09-27,HORNSBY,4
3082,2021-09-27,INNER WEST,11
3083,2021-09-27,KIAMA,1
3084,2021-09-27,KU-RING-GAI,1
3085,2021-09-27,LAKE MACQUARIE,6
3086,2021-09-27,LIVERPOOL,60
3087,2021-09-27,MAITLAND,10
3088,2021-09-27,MUSWELLBROOK,1
3089,2021-09-27,NARROMINE,4
3090,2021-09-27,NEWCASTLE,16
3091,2021-09-27,NORTH SYDNEY,4
3092,2021-09-27,NORTHERN BEACHES,9
3093,2021-09-27,OBERON,1
3094,2021-09-27,PARRAMATTA,27
3095,2021-09-27,PENRITH,52
3096,2021-09-27,PORT STEPHENS,6
3097,2021-09-27,QUEANBEYAN-PALERANG REGIONAL,7
3098,2021-09-27,RANDWICK,23
3099,2021-09-27,RYDE,11
3100,2021-09-27,SHELLHARBOUR,20
3101,2021-09-27,SHOALHAVEN,9
3102,2021-09-27,SINGLETON,2
3103,2021-09-27,STRATHFIELD,7
3104,2021-09-27,SUTHERLAND SHIRE,4
3105,2021-09-27,SYDNEY,31
3106,2021-09-27,THE HILLS SHIRE,9
3107,2021-09-27,UPPER LACHLAN SHIRE,1
3108,2021-09-27,WALGETT,1
3109,2021-09-27,WAVERLEY,7
3110,2021-09-27,WILLOUGHBY,2
3111,2021-09-27,WINGECARRIBEE,3
3112,2021-09-27,WOLLONDILLY,4
3113,2021-09-27,WOLLONGONG,53
3114,2021-09-27,WOOLLAHRA,3
3115,2021-09-28,BAYSIDE,25
3116,2021-09-28,BLACKTOWN,75
3117,2021-09-28,BLUE MOUNTAINS,1
3118,2021-09-28,BROKEN HILL,5
3119,2021-09-28,BURWOOD,1
3120,2021-09-28,BYRON,1
3121,2021-09-28,CAMDEN,11
3122,2021-09-28,CAMPBELLTOWN,58
3123,2021-09-28,CANADA BAY,6
3124,2021-09-28,CANTERBURY-BANKSTOWN,98
3125,2021-09-28,CENTRAL COAST,21
3126,2021-09-28,CESSNOCK,11
3127,2021-09-28,CORRECTIONAL SETTINGS,3
3128,2021-09-28,COWRA,5
3129,2021-09-28,CUMBERLAND,69
3130,2021-09-28,DUBBO REGIONAL,8
3131,2021-09-28,EUROBODALLA,3
3132,2021-09-28,FAIRFIELD,35
3133,2021-09-28,GEORGES RIVER,5
3134,2021-09-28,GOULBURN MULWAREE,2
3135,2021-09-28,HAWKESBURY,3
3136,2021-09-28,HORNSBY,5
3137,2021-09-28,HUNTERS HILL,1
3138,2021-09-28,INNER WEST,15
3139,2021-09-28,KIAMA,2
3140,2021-09-28,KU-RING-GAI,5
3141,2021-09-28,KYOGLE,1
3142,2021-09-28,LAKE MACQUARIE,11
3143,2021-09-28,LANE COVE,2
3144,2021-09-28,LIVERPOOL,49
3145,2021-09-28,MAITLAND,8
3146,2021-09-28,MID-COAST,1
3147,2021-09-28,NEWCASTLE,17
3148,2021-09-28,NORTH SYDNEY,2
3149,2021-09-28,NORTHERN BEACHES,11
3150,2021-09-28,OBERON,2
3151,2021-09-28,PARRAMATTA,16
3152,2021-09-28,PENRITH,25
3153,2021-09-28,PORT STEPHENS,3
3154,2021-09-28,QUEANBEYAN-PALERANG REGIONAL,11
3155,2021-09-28,RANDWICK,14
3156,2021-09-28,RYDE,6
3157,2021-09-28,SHELLHARBOUR,14
3158,2021-09-28,SHOALHAVEN,9
3159,2021-09-28,SNOWY MONARO REGIONAL,2
3160,2021-09-28,STRATHFIELD,6
3161,2021-09-28,SUTHERLAND SHIRE,13
3162,2021-09-28,SYDNEY,23
3163,2021-09-28,THE HILLS SHIRE,4
3164,2021-09-28,UPPER HUNTER SHIRE,1
3165,2021-09-28,WAVERLEY,3
3166,2021-09-28,WILLOUGHBY,1
3167,2021-09-28,WOLLONGONG,49
3168,2021-09-28,WOOLLAHRA,1
